-- Generated by Craft v2.1.2559 on Jul 27, 2014 3:26:02 PM.

--
-- Disable foreign key checks and autocommit.
--

SET FOREIGN_KEY_CHECKS = 0;
SET SQL_MODE = "NO_AUTO_VALUE_ON_ZERO";
SET AUTOCOMMIT = 0;
SET NAMES utf8;


--
-- Schema for table `craft_assetfiles`
--

DROP TABLE IF EXISTS `craft_assetfiles`;

CREATE TABLE `craft_assetfiles` (
  `id` int(11) NOT NULL,
  `sourceId` int(11) DEFAULT NULL,
  `folderId` int(11) NOT NULL,
  `filename` varchar(255) COLLATE utf8_unicode_ci NOT NULL,
  `kind` varchar(50) COLLATE utf8_unicode_ci NOT NULL DEFAULT 'unknown',
  `width` smallint(6) unsigned DEFAULT NULL,
  `height` smallint(6) unsigned DEFAULT NULL,
  `size` int(11) unsigned DEFAULT NULL,
  `dateModified` datetime DEFAULT NULL,
  `dateCreated` datetime NOT NULL,
  `dateUpdated` datetime NOT NULL,
  `uid` char(36) COLLATE utf8_unicode_ci NOT NULL DEFAULT '0',
  PRIMARY KEY (`id`),
  UNIQUE KEY `craft_assetfiles_filename_folderId_unq_idx` (`filename`,`folderId`),
  KEY `craft_assetfiles_sourceId_fk` (`sourceId`),
  KEY `craft_assetfiles_folderId_fk` (`folderId`)
) ENGINE=InnoDB DEFAULT CHARSET=utf8 COLLATE=utf8_unicode_ci;

--
-- Data for table `craft_assetfiles`
--

INSERT INTO `craft_assetfiles` (`id`, `sourceId`, `folderId`, `filename`, `kind`, `width`, `height`, `size`, `dateModified`, `dateCreated`, `dateUpdated`, `uid`) VALUES ('8', '1', '1', '06_Questions.mp3', 'audio', NULL, NULL, '3023246', '2013-06-17 03:23:54', '2014-04-12 13:54:21', '2014-04-12 13:54:22', '953f97f6-759f-442f-8ab6-c327ea3a291e');



--
-- Schema for table `craft_assetfolders`
--

DROP TABLE IF EXISTS `craft_assetfolders`;

CREATE TABLE `craft_assetfolders` (
  `id` int(11) NOT NULL AUTO_INCREMENT,
  `parentId` int(11) DEFAULT NULL,
  `sourceId` int(11) DEFAULT NULL,
  `name` varchar(255) COLLATE utf8_unicode_ci NOT NULL,
  `path` varchar(255) COLLATE utf8_unicode_ci DEFAULT NULL,
  `dateCreated` datetime NOT NULL,
  `dateUpdated` datetime NOT NULL,
  `uid` char(36) COLLATE utf8_unicode_ci NOT NULL DEFAULT '0',
  PRIMARY KEY (`id`),
  UNIQUE KEY `craft_assetfolders_name_parentId_sourceId_unq_idx` (`name`,`parentId`,`sourceId`),
  KEY `craft_assetfolders_parentId_fk` (`parentId`),
  KEY `craft_assetfolders_sourceId_fk` (`sourceId`)
) ENGINE=InnoDB AUTO_INCREMENT=3 DEFAULT CHARSET=utf8 COLLATE=utf8_unicode_ci;

--
-- Data for table `craft_assetfolders`
--

INSERT INTO `craft_assetfolders` (`id`, `parentId`, `sourceId`, `name`, `path`, `dateCreated`, `dateUpdated`, `uid`) VALUES ('1', NULL, '1', 'MP3s', '', '2014-03-09 19:20:30', '2014-03-09 19:20:30', 'b02bc3c7-9c25-47b9-8ccb-d10603217682');
INSERT INTO `craft_assetfolders` (`id`, `parentId`, `sourceId`, `name`, `path`, `dateCreated`, `dateUpdated`, `uid`) VALUES ('2', NULL, '2', 'Images', '', '2014-03-09 21:17:35', '2014-03-09 21:17:35', '5e715fb5-ef59-44ea-a38e-86ae01748dd0');



--
-- Schema for table `craft_assetindexdata`
--

DROP TABLE IF EXISTS `craft_assetindexdata`;

CREATE TABLE `craft_assetindexdata` (
  `id` int(11) NOT NULL AUTO_INCREMENT,
  `sessionId` varchar(36) COLLATE utf8_unicode_ci NOT NULL DEFAULT '',
  `sourceId` int(10) NOT NULL,
  `offset` int(10) NOT NULL,
  `uri` varchar(255) COLLATE utf8_unicode_ci DEFAULT NULL,
  `size` int(10) DEFAULT NULL,
  `recordId` int(10) DEFAULT NULL,
  `dateCreated` datetime NOT NULL,
  `dateUpdated` datetime NOT NULL,
  `uid` char(36) COLLATE utf8_unicode_ci NOT NULL DEFAULT '0',
  PRIMARY KEY (`id`),
  UNIQUE KEY `craft_assetindexdata_sessionId_sourceId_offset_unq_idx` (`sessionId`,`sourceId`,`offset`),
  KEY `craft_assetindexdata_sourceId_fk` (`sourceId`)
) ENGINE=InnoDB AUTO_INCREMENT=2 DEFAULT CHARSET=utf8 COLLATE=utf8_unicode_ci;

--
-- Data for table `craft_assetindexdata`
--

INSERT INTO `craft_assetindexdata` (`id`, `sessionId`, `sourceId`, `offset`, `uri`, `size`, `recordId`, `dateCreated`, `dateUpdated`, `uid`) VALUES ('1', '022cecb9-b734-47a5-8107-7424149d31f9', '1', '0', '/Users/bcfeeney/Sites/Fain/public/mp3s/06_Questions.mp3', '3023246', '8', '2014-04-12 13:54:21', '2014-04-12 13:54:22', '137828b1-d6b9-40ba-b5c6-eeb53d7191b1');



--
-- Schema for table `craft_assetsources`
--

DROP TABLE IF EXISTS `craft_assetsources`;

CREATE TABLE `craft_assetsources` (
  `id` int(11) NOT NULL AUTO_INCREMENT,
  `fieldLayoutId` int(11) DEFAULT NULL,
  `name` varchar(255) COLLATE utf8_unicode_ci NOT NULL,
  `type` varchar(150) COLLATE utf8_unicode_ci NOT NULL,
  `settings` text COLLATE utf8_unicode_ci,
  `sortOrder` tinyint(4) DEFAULT NULL,
  `dateCreated` datetime NOT NULL,
  `dateUpdated` datetime NOT NULL,
  `uid` char(36) COLLATE utf8_unicode_ci NOT NULL DEFAULT '0',
  PRIMARY KEY (`id`),
  UNIQUE KEY `craft_assetsources_name_unq_idx` (`name`),
  KEY `craft_assetsources_fieldLayoutId_fk` (`fieldLayoutId`)
) ENGINE=InnoDB AUTO_INCREMENT=3 DEFAULT CHARSET=utf8 COLLATE=utf8_unicode_ci;

--
-- Data for table `craft_assetsources`
--

INSERT INTO `craft_assetsources` (`id`, `fieldLayoutId`, `name`, `type`, `settings`, `sortOrder`, `dateCreated`, `dateUpdated`, `uid`) VALUES ('1', NULL, 'MP3s', 'Local', '{\"path\":\".\\/public\\/mp3s\\/\",\"url\":\"\\/public\\/mp3s\\/\"}', '1', '2014-03-09 19:20:30', '2014-04-12 13:54:14', '1e136a42-e3f8-4f3b-bd4e-e17040c21b16');
INSERT INTO `craft_assetsources` (`id`, `fieldLayoutId`, `name`, `type`, `settings`, `sortOrder`, `dateCreated`, `dateUpdated`, `uid`) VALUES ('2', NULL, 'Images', 'Local', '{\"path\":\"images\\/\",\"url\":\"http:\\/\\/clayfain.dev\\/images\\/\"}', '2', '2014-03-09 21:17:35', '2014-03-09 22:05:02', '3148ab0a-80b2-41bd-b0df-c4307adf74d1');



--
-- Schema for table `craft_assettransformindex`
--

DROP TABLE IF EXISTS `craft_assettransformindex`;

CREATE TABLE `craft_assettransformindex` (
  `id` int(11) NOT NULL AUTO_INCREMENT,
  `fileId` int(11) NOT NULL,
  `location` varchar(255) COLLATE utf8_unicode_ci NOT NULL,
  `sourceId` int(11) DEFAULT NULL,
  `fileExists` tinyint(1) DEFAULT NULL,
  `inProgress` tinyint(1) DEFAULT NULL,
  `dateIndexed` datetime DEFAULT NULL,
  `dateCreated` datetime NOT NULL,
  `dateUpdated` datetime NOT NULL,
  `uid` char(36) COLLATE utf8_unicode_ci NOT NULL DEFAULT '0',
  PRIMARY KEY (`id`),
  KEY `craft_assettransformindex_sourceId_fileId_location_idx` (`sourceId`,`fileId`,`location`)
) ENGINE=InnoDB DEFAULT CHARSET=utf8 COLLATE=utf8_unicode_ci;

--
-- Schema for table `craft_assettransforms`
--

DROP TABLE IF EXISTS `craft_assettransforms`;

CREATE TABLE `craft_assettransforms` (
  `id` int(11) NOT NULL AUTO_INCREMENT,
  `name` varchar(255) COLLATE utf8_unicode_ci NOT NULL,
  `handle` varchar(255) COLLATE utf8_unicode_ci NOT NULL,
  `mode` enum('stretch','fit','crop') COLLATE utf8_unicode_ci NOT NULL DEFAULT 'crop',
  `position` enum('top-left','top-center','top-right','center-left','center-center','center-right','bottom-left','bottom-center','bottom-right') COLLATE utf8_unicode_ci NOT NULL DEFAULT 'center-center',
  `height` int(10) DEFAULT NULL,
  `width` int(10) DEFAULT NULL,
  `quality` int(11) DEFAULT NULL,
  `dimensionChangeTime` datetime DEFAULT NULL,
  `dateCreated` datetime NOT NULL,
  `dateUpdated` datetime NOT NULL,
  `uid` char(36) COLLATE utf8_unicode_ci NOT NULL DEFAULT '0',
  PRIMARY KEY (`id`),
  UNIQUE KEY `craft_assettransforms_name_unq_idx` (`name`),
  UNIQUE KEY `craft_assettransforms_handle_unq_idx` (`handle`)
) ENGINE=InnoDB DEFAULT CHARSET=utf8 COLLATE=utf8_unicode_ci;

--
-- Schema for table `craft_categories`
--

DROP TABLE IF EXISTS `craft_categories`;

CREATE TABLE `craft_categories` (
  `id` int(11) NOT NULL,
  `groupId` int(11) NOT NULL,
  `dateCreated` datetime NOT NULL,
  `dateUpdated` datetime NOT NULL,
  `uid` char(36) COLLATE utf8_unicode_ci NOT NULL DEFAULT '0',
  PRIMARY KEY (`id`),
  KEY `craft_categories_groupId_fk` (`groupId`)
) ENGINE=InnoDB DEFAULT CHARSET=utf8 COLLATE=utf8_unicode_ci;

--
-- Schema for table `craft_categorygroups`
--

DROP TABLE IF EXISTS `craft_categorygroups`;

CREATE TABLE `craft_categorygroups` (
  `id` int(11) NOT NULL AUTO_INCREMENT,
  `structureId` int(11) NOT NULL,
  `fieldLayoutId` int(11) DEFAULT NULL,
  `name` varchar(255) COLLATE utf8_unicode_ci NOT NULL,
  `handle` varchar(255) COLLATE utf8_unicode_ci NOT NULL,
  `hasUrls` tinyint(1) NOT NULL DEFAULT '1',
  `template` varchar(500) COLLATE utf8_unicode_ci DEFAULT NULL,
  `dateCreated` datetime NOT NULL,
  `dateUpdated` datetime NOT NULL,
  `uid` char(36) COLLATE utf8_unicode_ci NOT NULL DEFAULT '0',
  PRIMARY KEY (`id`),
  UNIQUE KEY `craft_categorygroups_name_unq_idx` (`name`),
  UNIQUE KEY `craft_categorygroups_handle_unq_idx` (`handle`),
  KEY `craft_categorygroups_structureId_fk` (`structureId`),
  KEY `craft_categorygroups_fieldLayoutId_fk` (`fieldLayoutId`)
) ENGINE=InnoDB DEFAULT CHARSET=utf8 COLLATE=utf8_unicode_ci;

--
-- Schema for table `craft_categorygroups_i18n`
--

DROP TABLE IF EXISTS `craft_categorygroups_i18n`;

CREATE TABLE `craft_categorygroups_i18n` (
  `id` int(11) NOT NULL AUTO_INCREMENT,
  `groupId` int(11) NOT NULL,
  `locale` char(12) COLLATE utf8_unicode_ci NOT NULL,
  `urlFormat` varchar(255) COLLATE utf8_unicode_ci DEFAULT NULL,
  `nestedUrlFormat` varchar(255) COLLATE utf8_unicode_ci DEFAULT NULL,
  `dateCreated` datetime NOT NULL,
  `dateUpdated` datetime NOT NULL,
  `uid` char(36) COLLATE utf8_unicode_ci NOT NULL DEFAULT '0',
  PRIMARY KEY (`id`),
  UNIQUE KEY `craft_categorygroups_i18n_groupId_locale_unq_idx` (`groupId`,`locale`),
  KEY `craft_categorygroups_i18n_locale_fk` (`locale`)
) ENGINE=InnoDB DEFAULT CHARSET=utf8 COLLATE=utf8_unicode_ci;

--
-- Schema for table `craft_content`
--

DROP TABLE IF EXISTS `craft_content`;

CREATE TABLE `craft_content` (
  `id` int(11) NOT NULL AUTO_INCREMENT,
  `elementId` int(11) NOT NULL,
  `locale` char(12) COLLATE utf8_unicode_ci NOT NULL,
  `title` varchar(255) COLLATE utf8_unicode_ci DEFAULT NULL,
  `field_heading` text COLLATE utf8_unicode_ci,
  `field_body` text COLLATE utf8_unicode_ci,
  `field_soundcloudId` varchar(20) COLLATE utf8_unicode_ci DEFAULT NULL,
  `field_lyrics` text COLLATE utf8_unicode_ci,
  `field_songNotes` text COLLATE utf8_unicode_ci,
  `field_copyright` text COLLATE utf8_unicode_ci,
  `field_coWriters` text COLLATE utf8_unicode_ci,
  `field_songDate` datetime DEFAULT NULL,
  `field_homepage_intro` text COLLATE utf8_unicode_ci,
  `field_facebook` text COLLATE utf8_unicode_ci,
  `field_twitter` text COLLATE utf8_unicode_ci,
  `field_instagram` text COLLATE utf8_unicode_ci,
  `field_albumRelease` text COLLATE utf8_unicode_ci,
  `dateCreated` datetime NOT NULL,
  `dateUpdated` datetime NOT NULL,
  `uid` char(36) COLLATE utf8_unicode_ci NOT NULL DEFAULT '0',
  PRIMARY KEY (`id`),
  UNIQUE KEY `craft_content_elementId_locale_unq_idx` (`elementId`,`locale`),
  KEY `craft_content_title_idx` (`title`),
  KEY `craft_content_locale_fk` (`locale`)
) ENGINE=InnoDB AUTO_INCREMENT=17 DEFAULT CHARSET=utf8 COLLATE=utf8_unicode_ci;

--
-- Data for table `craft_content`
--

INSERT INTO `craft_content` (`id`, `elementId`, `locale`, `title`, `field_heading`, `field_body`, `field_soundcloudId`, `field_lyrics`, `field_songNotes`, `field_copyright`, `field_coWriters`, `field_songDate`, `field_homepage_intro`, `field_facebook`, `field_twitter`, `field_instagram`, `field_albumRelease`, `dateCreated`, `dateUpdated`, `uid`) VALUES ('1', '1', 'en_us', NULL, NULL, NULL, NULL, NULL, NULL, NULL, NULL, NULL, NULL, NULL, NULL, NULL, NULL, '2014-03-03 00:54:33', '2014-06-03 13:36:20', 'edcb4db9-ba04-42e4-a793-6c434890f5d0');
INSERT INTO `craft_content` (`id`, `elementId`, `locale`, `title`, `field_heading`, `field_body`, `field_soundcloudId`, `field_lyrics`, `field_songNotes`, `field_copyright`, `field_coWriters`, `field_songDate`, `field_homepage_intro`, `field_facebook`, `field_twitter`, `field_instagram`, `field_albumRelease`, `dateCreated`, `dateUpdated`, `uid`) VALUES ('2', '2', 'en_us', 'Homepage', 'Clay Fain', '<p>It’s true, this site doesn’t have a whole lot of content yet, but don’t worry. Our web developers have just installed the CMS, and they’re setting things up for the content editors this very moment. Soon Clayfain.dev will be an oasis of fresh perspectives, sharp analyses, and astute opinions that will keep you coming back again and again.</p>', NULL, NULL, NULL, NULL, NULL, NULL, '<p>Clay Fain is a musician that makes music on instruments and plays that music on stage sometimes but also sometimes on the couch in the living room while watching TV.</p>', '', '', '', NULL, '2014-03-03 00:54:37', '2014-07-08 12:54:15', '5b78be1f-6e29-411d-9d18-b0c898f64f4e');
INSERT INTO `craft_content` (`id`, `elementId`, `locale`, `title`, `field_heading`, `field_body`, `field_soundcloudId`, `field_lyrics`, `field_songNotes`, `field_copyright`, `field_coWriters`, `field_songDate`, `field_homepage_intro`, `field_facebook`, `field_twitter`, `field_instagram`, `field_albumRelease`, `dateCreated`, `dateUpdated`, `uid`) VALUES ('3', '3', 'en_us', 'Come Home with Me', NULL, '<p>Craft is the CMS that’s powering Clayfain.dev. It’s beautiful, powerful, flexible, and easy-to-use, and it’s made by Pixel &amp; Tonic. We can’t wait to dive in and see what it’s capable of!</p><!--pagebreak--><p>This is even more captivating content, which you couldn’t see on the News index page because it was entered after a Page Break, and the News index template only likes to show the content on the first page.</p><p>Craft: a nice alternative to Word, if you’re making a website.</p>', '113413237', '<p>We found love in the summer\'s acid rain</p><p>We found love as it was spinning down the drain<br>We found love in a moment at the bar<br>We found love cause we were looking oh so hard</p><p>Come home with me<br>So I can watch you as you sleep<br>And pretend you are my love<br>The mythic beast they call \"the one\"<br>So make my night complete<br>Come home with me</p><p>Went downtown with a glimmer in my eye<br>Fell back down in a drink and crossed the line<br>What\'s more real is it the dark, is it the night<br>We found love, our better judgement out of sight</p><p>Come home with me<br>So I can watch you as you sleep<br>And pretend you are my love<br>The mythic beast they call \"the one\"<br>So make my night complete<br>Come home with me</p><p>We found love in the truth behind the lies<br>We found love crossing t\'s and dotting i\'s<br>We found love in a moment at the bar<br>We found love cause we were looking oh so hard</p><p>Come home with me<br>So I can watch you as you sleep<br>And pretend you are my love<br>The mythic beast they call \"the one\"<br>So make my night complete<br>Come home with me</p>', '<p>Lorem ipsum dolor sit amet, consectetur adipisicing elit, sed do eiusmod tempor incididunt ut labore et dolore magna aliqua. Ut enim ad minim veniam, quis nostrud exercitation ullamco laboris nisi ut aliquip ex ea commodo consequat. Duis aute irure dolor in reprehenderit in voluptate velit esse cillum dolore eu fugiat nulla pariatur. Excepteur sint occaecat cupidatat non proident, sunt in culpa qui officia deserunt mollit anim id est laborum.</p>', '', 'Clay Fain, John Smith', '2013-10-09 00:00:00', NULL, NULL, NULL, NULL, NULL, '2014-03-03 00:54:37', '2014-07-08 12:37:33', 'c252d4f6-f395-46ba-952c-e9aa22c05d22');
INSERT INTO `craft_content` (`id`, `elementId`, `locale`, `title`, `field_heading`, `field_body`, `field_soundcloudId`, `field_lyrics`, `field_songNotes`, `field_copyright`, `field_coWriters`, `field_songDate`, `field_homepage_intro`, `field_facebook`, `field_twitter`, `field_instagram`, `field_albumRelease`, `dateCreated`, `dateUpdated`, `uid`) VALUES ('4', '4', 'en_us', NULL, NULL, NULL, NULL, NULL, NULL, NULL, NULL, NULL, NULL, NULL, NULL, NULL, NULL, '2014-03-09 15:55:29', '2014-06-03 13:36:20', '60faa996-52cd-4d0c-9420-9a22a769a9dd');
INSERT INTO `craft_content` (`id`, `elementId`, `locale`, `title`, `field_heading`, `field_body`, `field_soundcloudId`, `field_lyrics`, `field_songNotes`, `field_copyright`, `field_coWriters`, `field_songDate`, `field_homepage_intro`, `field_facebook`, `field_twitter`, `field_instagram`, `field_albumRelease`, `dateCreated`, `dateUpdated`, `uid`) VALUES ('5', '5', 'en_us', NULL, NULL, NULL, NULL, NULL, NULL, NULL, NULL, NULL, NULL, NULL, NULL, NULL, NULL, '2014-03-09 15:55:29', '2014-06-03 13:36:20', 'bbc69a05-1518-4c31-8e1f-cc314914c4ac');
INSERT INTO `craft_content` (`id`, `elementId`, `locale`, `title`, `field_heading`, `field_body`, `field_soundcloudId`, `field_lyrics`, `field_songNotes`, `field_copyright`, `field_coWriters`, `field_songDate`, `field_homepage_intro`, `field_facebook`, `field_twitter`, `field_instagram`, `field_albumRelease`, `dateCreated`, `dateUpdated`, `uid`) VALUES ('7', '7', 'en_us', 'Brian Feeney', NULL, '<p>Lorem ipsum dolor sit amet, consectetur adipisicing elit, sed do eiusmod tempor incididunt ut labore et dolore magna aliqua. Ut enim ad minim veniam, quis nostrud exercitation ullamco laboris nisi ut aliquip ex ea commodo consequat. Duis aute irure dolor in reprehenderit in voluptate velit esse cillum dolore eu fugiat nulla pariatur. Excepteur sint occaecat cupidatat non proident, sunt in culpa qui officia deserunt mollit anim id est laborum.</p><p>Sed ut perspiciatis unde omnis iste natus error sit voluptatem accusantium doloremque laudantium, totam rem aperiam, eaque ipsa quae ab illo inventore veritatis et quasi architecto beatae vitae dicta sunt explicabo. Nemo enim ipsam voluptatem quia voluptas sit aspernatur aut odit aut fugit, sed quia consequuntur magni dolores eos qui ratione voluptatem sequi nesciunt. Neque porro quisquam est, qui dolorem ipsum quia dolor sit amet, consectetur, adipisci velit, sed quia non numquam eius modi tempora incidunt ut labore et dolore magnam aliquam quaerat voluptatem. Ut enim ad minima veniam, quis nostrum exercitationem ullam corporis suscipit laboriosam, nisi ut aliquid ex ea commodi consequatur? Quis autem vel eum iure reprehenderit qui in ea voluptate velit esse quam nihil molestiae consequatur, vel illum qui dolorem eum fugiat quo voluptas nulla pariatur?</p><h2>Section Something</h2><p>Lorem ipsum dolor sit amet, consectetur adipisicing elit, sed do eiusmod tempor incididunt ut labore et dolore magna aliqua. Ut enim ad minim veniam, quis nostrud exercitation ullamco laboris nisi ut aliquip ex ea commodo consequat. Duis aute irure dolor in reprehenderit in voluptate velit esse cillum dolore eu fugiat nulla pariatur. Excepteur sint occaecat cupidatat non proident, sunt in culpa qui officia deserunt mollit anim id est laborum.</p>', NULL, NULL, NULL, NULL, NULL, NULL, NULL, NULL, NULL, NULL, NULL, '2014-03-24 13:18:15', '2014-06-03 13:36:20', '77abde98-44e6-4ae7-aedd-1d67358356ff');
INSERT INTO `craft_content` (`id`, `elementId`, `locale`, `title`, `field_heading`, `field_body`, `field_soundcloudId`, `field_lyrics`, `field_songNotes`, `field_copyright`, `field_coWriters`, `field_songDate`, `field_homepage_intro`, `field_facebook`, `field_twitter`, `field_instagram`, `field_albumRelease`, `dateCreated`, `dateUpdated`, `uid`) VALUES ('8', '8', 'en_us', '06 Questions', NULL, NULL, NULL, NULL, NULL, NULL, NULL, NULL, NULL, NULL, NULL, NULL, NULL, '2014-04-12 13:54:21', '2014-06-03 13:36:19', 'c7fc38ff-0d58-4207-a11d-d324dc47b7af');
INSERT INTO `craft_content` (`id`, `elementId`, `locale`, `title`, `field_heading`, `field_body`, `field_soundcloudId`, `field_lyrics`, `field_songNotes`, `field_copyright`, `field_coWriters`, `field_songDate`, `field_homepage_intro`, `field_facebook`, `field_twitter`, `field_instagram`, `field_albumRelease`, `dateCreated`, `dateUpdated`, `uid`) VALUES ('9', '9', 'en_us', 'Your Heart and Mine', NULL, NULL, '130540060', '', '', '', '', NULL, NULL, NULL, NULL, NULL, NULL, '2014-04-12 15:20:55', '2014-07-10 14:42:44', '2fa22e53-521e-48ce-98c8-a84d2c3b1412');
INSERT INTO `craft_content` (`id`, `elementId`, `locale`, `title`, `field_heading`, `field_body`, `field_soundcloudId`, `field_lyrics`, `field_songNotes`, `field_copyright`, `field_coWriters`, `field_songDate`, `field_homepage_intro`, `field_facebook`, `field_twitter`, `field_instagram`, `field_albumRelease`, `dateCreated`, `dateUpdated`, `uid`) VALUES ('10', '10', 'en_us', 'Sad Eyes', NULL, NULL, NULL, NULL, NULL, NULL, NULL, NULL, NULL, NULL, NULL, NULL, '4225007596', '2014-04-12 15:24:16', '2014-06-21 15:25:16', '42cfcd17-7f63-42c7-99a2-24b312a603b7');
INSERT INTO `craft_content` (`id`, `elementId`, `locale`, `title`, `field_heading`, `field_body`, `field_soundcloudId`, `field_lyrics`, `field_songNotes`, `field_copyright`, `field_coWriters`, `field_songDate`, `field_homepage_intro`, `field_facebook`, `field_twitter`, `field_instagram`, `field_albumRelease`, `dateCreated`, `dateUpdated`, `uid`) VALUES ('13', '13', 'en_us', NULL, NULL, NULL, NULL, NULL, NULL, NULL, NULL, NULL, NULL, NULL, NULL, NULL, NULL, '2014-04-15 00:44:19', '2014-06-03 13:36:20', 'ee3b091e-3852-44d0-a2f9-40ff80a847b3');
INSERT INTO `craft_content` (`id`, `elementId`, `locale`, `title`, `field_heading`, `field_body`, `field_soundcloudId`, `field_lyrics`, `field_songNotes`, `field_copyright`, `field_coWriters`, `field_songDate`, `field_homepage_intro`, `field_facebook`, `field_twitter`, `field_instagram`, `field_albumRelease`, `dateCreated`, `dateUpdated`, `uid`) VALUES ('14', '14', 'en_us', NULL, NULL, NULL, NULL, NULL, NULL, NULL, NULL, NULL, NULL, NULL, NULL, NULL, NULL, '2014-04-15 00:44:19', '2014-06-03 13:36:20', '8437ac79-19ad-49e6-ba25-c4d7cf180fe4');
INSERT INTO `craft_content` (`id`, `elementId`, `locale`, `title`, `field_heading`, `field_body`, `field_soundcloudId`, `field_lyrics`, `field_songNotes`, `field_copyright`, `field_coWriters`, `field_songDate`, `field_homepage_intro`, `field_facebook`, `field_twitter`, `field_instagram`, `field_albumRelease`, `dateCreated`, `dateUpdated`, `uid`) VALUES ('15', '15', 'en_us', 'Test Release 1', NULL, NULL, NULL, NULL, NULL, NULL, NULL, NULL, NULL, NULL, NULL, NULL, '<iframe style=\"border: 0; width: 350px; height: 470px;\" src=\"http://bandcamp.com/EmbeddedPlayer/album=4225007596/size=large/bgcol=ffffff/linkcol=0687f5/tracklist=false/transparent=true/\" seamless=\"\">\r\n&lt;a href=\"http://clayfain.bandcamp.com/album/sad-eyes\"&gt;Sad Eyes by Clay Fain&lt;/a&gt;\r\n</iframe>', '2014-06-15 15:38:06', '2014-06-15 15:38:06', '30698b83-4c45-4f74-9207-a541d3f2cbc3');
INSERT INTO `craft_content` (`id`, `elementId`, `locale`, `title`, `field_heading`, `field_body`, `field_soundcloudId`, `field_lyrics`, `field_songNotes`, `field_copyright`, `field_coWriters`, `field_songDate`, `field_homepage_intro`, `field_facebook`, `field_twitter`, `field_instagram`, `field_albumRelease`, `dateCreated`, `dateUpdated`, `uid`) VALUES ('16', '16', 'en_us', 'Heart of Gold', NULL, NULL, NULL, NULL, NULL, NULL, NULL, NULL, NULL, NULL, NULL, NULL, '592733622', '2014-06-20 12:56:38', '2014-07-08 12:53:52', 'a7e5f2b2-b5c9-4e2e-878e-cace0600065f');



--
-- Schema for table `craft_deprecationerrors`
--

DROP TABLE IF EXISTS `craft_deprecationerrors`;

CREATE TABLE `craft_deprecationerrors` (
  `id` int(11) NOT NULL AUTO_INCREMENT,
  `key` varchar(255) COLLATE utf8_unicode_ci NOT NULL,
  `fingerprint` varchar(255) COLLATE utf8_unicode_ci NOT NULL,
  `lastOccurrence` datetime NOT NULL,
  `file` varchar(255) COLLATE utf8_unicode_ci NOT NULL,
  `line` smallint(6) unsigned NOT NULL,
  `class` varchar(255) COLLATE utf8_unicode_ci DEFAULT NULL,
  `method` varchar(255) COLLATE utf8_unicode_ci DEFAULT NULL,
  `template` varchar(255) COLLATE utf8_unicode_ci DEFAULT NULL,
  `templateLine` smallint(6) unsigned DEFAULT NULL,
  `message` varchar(255) COLLATE utf8_unicode_ci DEFAULT NULL,
  `traces` text COLLATE utf8_unicode_ci,
  `dateCreated` datetime NOT NULL,
  `dateUpdated` datetime NOT NULL,
  `uid` char(36) COLLATE utf8_unicode_ci NOT NULL DEFAULT '0',
  PRIMARY KEY (`id`),
  UNIQUE KEY `craft_deprecationerrors_key_fingerprint_unq_idx` (`key`,`fingerprint`)
) ENGINE=InnoDB DEFAULT CHARSET=utf8 COLLATE=utf8_unicode_ci;

--
-- Schema for table `craft_elements`
--

DROP TABLE IF EXISTS `craft_elements`;

CREATE TABLE `craft_elements` (
  `id` int(11) NOT NULL AUTO_INCREMENT,
  `type` varchar(150) COLLATE utf8_unicode_ci NOT NULL,
  `enabled` tinyint(1) unsigned NOT NULL DEFAULT '1',
  `archived` tinyint(1) unsigned NOT NULL DEFAULT '0',
  `dateCreated` datetime NOT NULL,
  `dateUpdated` datetime NOT NULL,
  `uid` char(36) COLLATE utf8_unicode_ci NOT NULL DEFAULT '0',
  PRIMARY KEY (`id`),
  KEY `craft_elements_type_idx` (`type`),
  KEY `craft_elements_enabled_idx` (`enabled`),
  KEY `craft_elements_archived_idx` (`archived`)
) ENGINE=InnoDB AUTO_INCREMENT=17 DEFAULT CHARSET=utf8 COLLATE=utf8_unicode_ci;

--
-- Data for table `craft_elements`
--

INSERT INTO `craft_elements` (`id`, `type`, `enabled`, `archived`, `dateCreated`, `dateUpdated`, `uid`) VALUES ('1', 'User', '1', '0', '2014-03-03 00:54:33', '2014-06-03 13:36:20', 'e9e5be80-e649-452d-a0ab-a76b76b4e6d1');
INSERT INTO `craft_elements` (`id`, `type`, `enabled`, `archived`, `dateCreated`, `dateUpdated`, `uid`) VALUES ('2', 'Entry', '1', '0', '2014-03-03 00:54:37', '2014-07-08 12:54:15', '5c0738a2-284d-4f49-a804-66f1d07a255f');
INSERT INTO `craft_elements` (`id`, `type`, `enabled`, `archived`, `dateCreated`, `dateUpdated`, `uid`) VALUES ('3', 'Entry', '1', '0', '2014-03-03 00:54:37', '2014-07-08 12:37:33', '615b58fa-aaea-4db4-a764-680adb94789a');
INSERT INTO `craft_elements` (`id`, `type`, `enabled`, `archived`, `dateCreated`, `dateUpdated`, `uid`) VALUES ('4', 'Tag', '1', '0', '2014-03-09 15:55:29', '2014-06-03 13:36:20', 'a7b9a6ef-9cd8-48ff-85bb-3f44cb126fa5');
INSERT INTO `craft_elements` (`id`, `type`, `enabled`, `archived`, `dateCreated`, `dateUpdated`, `uid`) VALUES ('5', 'Tag', '1', '0', '2014-03-09 15:55:29', '2014-06-03 13:36:20', '7ab272c7-ec56-4d91-a6c7-e5b916a43108');
INSERT INTO `craft_elements` (`id`, `type`, `enabled`, `archived`, `dateCreated`, `dateUpdated`, `uid`) VALUES ('7', 'Entry', '1', '0', '2014-03-24 13:18:15', '2014-06-03 13:36:20', 'ff3a481f-f67e-4383-83ed-12c9cb377582');
INSERT INTO `craft_elements` (`id`, `type`, `enabled`, `archived`, `dateCreated`, `dateUpdated`, `uid`) VALUES ('8', 'Asset', '1', '0', '2014-04-12 13:54:21', '2014-06-03 13:36:19', '7189c2b1-d30b-4478-a6df-f075f634726e');
INSERT INTO `craft_elements` (`id`, `type`, `enabled`, `archived`, `dateCreated`, `dateUpdated`, `uid`) VALUES ('9', 'Entry', '1', '0', '2014-04-12 15:20:55', '2014-07-10 14:42:44', '4a509297-b9e8-4005-8ba6-1c0c08860f88');
INSERT INTO `craft_elements` (`id`, `type`, `enabled`, `archived`, `dateCreated`, `dateUpdated`, `uid`) VALUES ('10', 'Entry', '1', '0', '2014-04-12 15:24:16', '2014-06-21 15:25:16', 'cbf3469c-bbd3-43bd-9b96-936907f3bef5');
INSERT INTO `craft_elements` (`id`, `type`, `enabled`, `archived`, `dateCreated`, `dateUpdated`, `uid`) VALUES ('13', 'Tag', '1', '0', '2014-04-15 00:44:19', '2014-06-03 13:36:20', 'f2c807b7-159a-487a-bc5c-49c308c2df15');
INSERT INTO `craft_elements` (`id`, `type`, `enabled`, `archived`, `dateCreated`, `dateUpdated`, `uid`) VALUES ('14', 'Tag', '1', '0', '2014-04-15 00:44:19', '2014-06-03 13:36:20', '98f72124-a3c6-4028-bf90-2106efe411f2');
INSERT INTO `craft_elements` (`id`, `type`, `enabled`, `archived`, `dateCreated`, `dateUpdated`, `uid`) VALUES ('15', 'Entry', '1', '0', '2014-06-15 15:38:06', '2014-06-15 15:38:06', '64b49e85-7c2c-4d85-8001-75b48bd0d741');
INSERT INTO `craft_elements` (`id`, `type`, `enabled`, `archived`, `dateCreated`, `dateUpdated`, `uid`) VALUES ('16', 'Entry', '1', '0', '2014-06-20 12:56:38', '2014-07-08 12:53:52', 'f5461843-95a4-4ec4-ad13-dc0bb116a323');



--
-- Schema for table `craft_elements_i18n`
--

DROP TABLE IF EXISTS `craft_elements_i18n`;

CREATE TABLE `craft_elements_i18n` (
  `id` int(11) NOT NULL AUTO_INCREMENT,
  `elementId` int(11) NOT NULL,
  `locale` char(12) COLLATE utf8_unicode_ci NOT NULL,
  `slug` varchar(255) COLLATE utf8_unicode_ci DEFAULT NULL,
  `uri` varchar(255) COLLATE utf8_unicode_ci DEFAULT NULL,
  `enabled` tinyint(1) DEFAULT '1',
  `dateCreated` datetime NOT NULL,
  `dateUpdated` datetime NOT NULL,
  `uid` char(36) COLLATE utf8_unicode_ci NOT NULL DEFAULT '0',
  PRIMARY KEY (`id`),
  UNIQUE KEY `craft_elements_i18n_elementId_locale_unq_idx` (`elementId`,`locale`),
  UNIQUE KEY `craft_elements_i18n_uri_locale_unq_idx` (`uri`,`locale`),
  KEY `craft_elements_i18n_locale_fk` (`locale`),
  KEY `craft_elements_i18n_slug_locale_idx` (`slug`,`locale`),
  KEY `craft_elements_i18n_enabled_idx` (`enabled`)
) ENGINE=InnoDB AUTO_INCREMENT=15 DEFAULT CHARSET=utf8 COLLATE=utf8_unicode_ci;

--
-- Data for table `craft_elements_i18n`
--

INSERT INTO `craft_elements_i18n` (`id`, `elementId`, `locale`, `slug`, `uri`, `enabled`, `dateCreated`, `dateUpdated`, `uid`) VALUES ('1', '2', 'en_us', 'homepage', '__home__', '1', '2014-03-03 00:54:37', '2014-07-08 12:54:15', 'd42b4029-3b41-4e4d-99c1-bb679d942f34');
INSERT INTO `craft_elements_i18n` (`id`, `elementId`, `locale`, `slug`, `uri`, `enabled`, `dateCreated`, `dateUpdated`, `uid`) VALUES ('2', '3', 'en_us', 'come-home-with-me', 'songs/come-home-with-me', '1', '2014-03-03 00:54:37', '2014-07-08 12:37:34', 'c4840983-1e7d-425b-b40b-11822126ab81');
INSERT INTO `craft_elements_i18n` (`id`, `elementId`, `locale`, `slug`, `uri`, `enabled`, `dateCreated`, `dateUpdated`, `uid`) VALUES ('4', '7', 'en_us', 'brian-feeney', 'playlists/brian-feeney', '1', '2014-03-24 13:18:15', '2014-06-03 13:36:20', 'e6d17c87-890b-4309-a505-d6a79d2bd3c3');
INSERT INTO `craft_elements_i18n` (`id`, `elementId`, `locale`, `slug`, `uri`, `enabled`, `dateCreated`, `dateUpdated`, `uid`) VALUES ('5', '9', 'en_us', 'your-heart-and-mine', 'songs/your-heart-and-mine', '1', '2014-04-12 15:20:55', '2014-07-10 14:42:45', '37a27c8c-da4d-4fab-a144-b42157d9b672');
INSERT INTO `craft_elements_i18n` (`id`, `elementId`, `locale`, `slug`, `uri`, `enabled`, `dateCreated`, `dateUpdated`, `uid`) VALUES ('6', '10', 'en_us', 'album-title', NULL, '1', '2014-04-12 15:24:16', '2014-06-21 15:25:16', 'fd64c54d-a065-4e30-a7c8-ada842199b1e');
INSERT INTO `craft_elements_i18n` (`id`, `elementId`, `locale`, `slug`, `uri`, `enabled`, `dateCreated`, `dateUpdated`, `uid`) VALUES ('7', '1', 'en_us', '', NULL, '1', '2014-06-03 13:36:14', '2014-06-03 13:36:20', 'f6e90425-e218-4a21-99ab-6d1e0a451950');
INSERT INTO `craft_elements_i18n` (`id`, `elementId`, `locale`, `slug`, `uri`, `enabled`, `dateCreated`, `dateUpdated`, `uid`) VALUES ('8', '4', 'en_us', '', NULL, '1', '2014-06-03 13:36:14', '2014-06-03 13:36:20', '3c484610-29a6-482c-ac17-629fdd5c6181');
INSERT INTO `craft_elements_i18n` (`id`, `elementId`, `locale`, `slug`, `uri`, `enabled`, `dateCreated`, `dateUpdated`, `uid`) VALUES ('9', '5', 'en_us', '', NULL, '1', '2014-06-03 13:36:14', '2014-06-03 13:36:20', 'd2a63fc5-5a1c-42c2-9134-03c227216c53');
INSERT INTO `craft_elements_i18n` (`id`, `elementId`, `locale`, `slug`, `uri`, `enabled`, `dateCreated`, `dateUpdated`, `uid`) VALUES ('10', '8', 'en_us', '06-questions', NULL, '1', '2014-06-03 13:36:14', '2014-06-03 13:36:19', 'eb7bf0b2-fcef-4dad-b10e-c5eb3566e5d7');
INSERT INTO `craft_elements_i18n` (`id`, `elementId`, `locale`, `slug`, `uri`, `enabled`, `dateCreated`, `dateUpdated`, `uid`) VALUES ('11', '13', 'en_us', '', NULL, '1', '2014-06-03 13:36:14', '2014-06-03 13:36:20', '1275da66-d444-4799-9621-c81bc0fa54a1');
INSERT INTO `craft_elements_i18n` (`id`, `elementId`, `locale`, `slug`, `uri`, `enabled`, `dateCreated`, `dateUpdated`, `uid`) VALUES ('12', '14', 'en_us', '', NULL, '1', '2014-06-03 13:36:14', '2014-06-03 13:36:20', '453b9c85-a810-4ff2-bae1-8544a3f64aee');
INSERT INTO `craft_elements_i18n` (`id`, `elementId`, `locale`, `slug`, `uri`, `enabled`, `dateCreated`, `dateUpdated`, `uid`) VALUES ('13', '15', 'en_us', 'test-release-1', NULL, '1', '2014-06-15 15:38:08', '2014-06-15 15:38:08', 'bb13806b-6dad-409a-b6b1-9d4d964f1e7e');
INSERT INTO `craft_elements_i18n` (`id`, `elementId`, `locale`, `slug`, `uri`, `enabled`, `dateCreated`, `dateUpdated`, `uid`) VALUES ('14', '16', 'en_us', 'test-release-2', NULL, '1', '2014-06-20 12:56:38', '2014-07-08 12:53:52', '664c138d-5e40-4ae3-b47d-979849c6d7d5');



--
-- Schema for table `craft_emailmessages`
--

DROP TABLE IF EXISTS `craft_emailmessages`;

CREATE TABLE `craft_emailmessages` (
  `id` int(11) NOT NULL AUTO_INCREMENT,
  `key` char(150) COLLATE utf8_unicode_ci NOT NULL,
  `locale` char(12) COLLATE utf8_unicode_ci NOT NULL,
  `subject` varchar(1000) COLLATE utf8_unicode_ci NOT NULL,
  `body` text COLLATE utf8_unicode_ci NOT NULL,
  `dateCreated` datetime NOT NULL,
  `dateUpdated` datetime NOT NULL,
  `uid` char(36) COLLATE utf8_unicode_ci NOT NULL DEFAULT '0',
  PRIMARY KEY (`id`),
  UNIQUE KEY `craft_emailmessages_key_locale_unq_idx` (`key`,`locale`),
  KEY `craft_emailmessages_locale_fk` (`locale`)
) ENGINE=InnoDB DEFAULT CHARSET=utf8 COLLATE=utf8_unicode_ci;

--
-- Schema for table `craft_entries`
--

DROP TABLE IF EXISTS `craft_entries`;

CREATE TABLE `craft_entries` (
  `id` int(11) NOT NULL,
  `sectionId` int(11) NOT NULL,
  `typeId` int(11) DEFAULT NULL,
  `authorId` int(11) DEFAULT NULL,
  `postDate` datetime DEFAULT NULL,
  `expiryDate` datetime DEFAULT NULL,
  `dateCreated` datetime NOT NULL,
  `dateUpdated` datetime NOT NULL,
  `uid` char(36) COLLATE utf8_unicode_ci NOT NULL DEFAULT '0',
  PRIMARY KEY (`id`),
  KEY `craft_entries_sectionId_idx` (`sectionId`),
  KEY `craft_entries_typeId_idx` (`typeId`),
  KEY `craft_entries_postDate_idx` (`postDate`),
  KEY `craft_entries_expiryDate_idx` (`expiryDate`),
  KEY `craft_entries_authorId_fk` (`authorId`)
) ENGINE=InnoDB DEFAULT CHARSET=utf8 COLLATE=utf8_unicode_ci;

--
-- Data for table `craft_entries`
--

INSERT INTO `craft_entries` (`id`, `sectionId`, `typeId`, `authorId`, `postDate`, `expiryDate`, `dateCreated`, `dateUpdated`, `uid`) VALUES ('2', '1', '1', NULL, '2014-03-03 00:54:37', NULL, '2014-03-03 00:54:37', '2014-07-08 12:54:15', '71130be6-8338-4c6b-a297-e41d2397f201');
INSERT INTO `craft_entries` (`id`, `sectionId`, `typeId`, `authorId`, `postDate`, `expiryDate`, `dateCreated`, `dateUpdated`, `uid`) VALUES ('3', '2', '2', '1', '2014-03-03 00:54:00', NULL, '2014-03-03 00:54:37', '2014-07-08 12:37:34', 'e96dbcec-86b5-492f-879a-96a2fa6adb6e');
INSERT INTO `craft_entries` (`id`, `sectionId`, `typeId`, `authorId`, `postDate`, `expiryDate`, `dateCreated`, `dateUpdated`, `uid`) VALUES ('7', '4', '4', '1', '2014-03-24 13:18:00', NULL, '2014-03-24 13:18:15', '2014-04-12 15:30:13', '89c0aa27-7895-4f70-bac0-7fbf12ecd078');
INSERT INTO `craft_entries` (`id`, `sectionId`, `typeId`, `authorId`, `postDate`, `expiryDate`, `dateCreated`, `dateUpdated`, `uid`) VALUES ('9', '2', '2', '1', '2014-04-12 15:20:00', NULL, '2014-04-12 15:20:55', '2014-07-10 14:42:45', '56b3280f-6797-4026-aab3-0f8cab22218b');
INSERT INTO `craft_entries` (`id`, `sectionId`, `typeId`, `authorId`, `postDate`, `expiryDate`, `dateCreated`, `dateUpdated`, `uid`) VALUES ('10', '5', '5', '1', '2014-04-12 15:24:00', NULL, '2014-04-12 15:24:16', '2014-06-21 15:25:16', '9e05c2d2-5ec3-45f5-b52a-1ae33505f400');
INSERT INTO `craft_entries` (`id`, `sectionId`, `typeId`, `authorId`, `postDate`, `expiryDate`, `dateCreated`, `dateUpdated`, `uid`) VALUES ('15', '5', '5', '1', '2014-06-15 15:38:06', NULL, '2014-06-15 15:38:08', '2014-06-15 15:38:08', '320532c9-c571-489a-b7a2-fa57b0fdef7b');
INSERT INTO `craft_entries` (`id`, `sectionId`, `typeId`, `authorId`, `postDate`, `expiryDate`, `dateCreated`, `dateUpdated`, `uid`) VALUES ('16', '5', '5', '1', '2014-06-20 12:56:00', NULL, '2014-06-20 12:56:38', '2014-07-08 12:53:52', 'e2c373ff-62b7-49d8-afdb-30796be19330');



--
-- Schema for table `craft_entrydrafts`
--

DROP TABLE IF EXISTS `craft_entrydrafts`;

CREATE TABLE `craft_entrydrafts` (
  `id` int(11) NOT NULL AUTO_INCREMENT,
  `entryId` int(11) NOT NULL,
  `sectionId` int(11) NOT NULL,
  `creatorId` int(11) NOT NULL,
  `locale` char(12) COLLATE utf8_unicode_ci NOT NULL,
  `name` varchar(255) COLLATE utf8_unicode_ci NOT NULL,
  `notes` tinytext COLLATE utf8_unicode_ci,
  `data` mediumtext COLLATE utf8_unicode_ci NOT NULL,
  `dateCreated` datetime NOT NULL,
  `dateUpdated` datetime NOT NULL,
  `uid` char(36) COLLATE utf8_unicode_ci NOT NULL DEFAULT '0',
  PRIMARY KEY (`id`),
  KEY `craft_entrydrafts_entryId_locale_idx` (`entryId`,`locale`),
  KEY `craft_entrydrafts_sectionId_fk` (`sectionId`),
  KEY `craft_entrydrafts_creatorId_fk` (`creatorId`),
  KEY `craft_entrydrafts_locale_fk` (`locale`)
) ENGINE=InnoDB DEFAULT CHARSET=utf8 COLLATE=utf8_unicode_ci;

--
-- Schema for table `craft_entrytypes`
--

DROP TABLE IF EXISTS `craft_entrytypes`;

CREATE TABLE `craft_entrytypes` (
  `id` int(11) NOT NULL AUTO_INCREMENT,
  `sectionId` int(11) NOT NULL,
  `fieldLayoutId` int(11) DEFAULT NULL,
  `name` varchar(255) COLLATE utf8_unicode_ci NOT NULL,
  `handle` varchar(255) COLLATE utf8_unicode_ci NOT NULL,
  `hasTitleField` tinyint(1) NOT NULL DEFAULT '1',
  `titleLabel` varchar(255) COLLATE utf8_unicode_ci DEFAULT 'Title',
  `titleFormat` varchar(255) COLLATE utf8_unicode_ci DEFAULT NULL,
  `sortOrder` tinyint(4) DEFAULT NULL,
  `dateCreated` datetime NOT NULL,
  `dateUpdated` datetime NOT NULL,
  `uid` char(36) COLLATE utf8_unicode_ci NOT NULL DEFAULT '0',
  PRIMARY KEY (`id`),
  UNIQUE KEY `craft_entrytypes_name_sectionId_unq_idx` (`name`,`sectionId`),
  UNIQUE KEY `craft_entrytypes_handle_sectionId_unq_idx` (`handle`,`sectionId`),
  KEY `craft_entrytypes_sectionId_fk` (`sectionId`),
  KEY `craft_entrytypes_fieldLayoutId_fk` (`fieldLayoutId`)
) ENGINE=InnoDB AUTO_INCREMENT=6 DEFAULT CHARSET=utf8 COLLATE=utf8_unicode_ci;

--
-- Data for table `craft_entrytypes`
--

INSERT INTO `craft_entrytypes` (`id`, `sectionId`, `fieldLayoutId`, `name`, `handle`, `hasTitleField`, `titleLabel`, `titleFormat`, `sortOrder`, `dateCreated`, `dateUpdated`, `uid`) VALUES ('1', '1', '24', 'Homepage', 'homepage', '1', 'Title', NULL, NULL, '2014-03-03 00:54:37', '2014-04-14 12:59:02', 'eef1f88d-0a65-4059-9231-390f5df53f26');
INSERT INTO `craft_entrytypes` (`id`, `sectionId`, `fieldLayoutId`, `name`, `handle`, `hasTitleField`, `titleLabel`, `titleFormat`, `sortOrder`, `dateCreated`, `dateUpdated`, `uid`) VALUES ('2', '2', '28', 'Songs', 'songs', '1', 'Title', NULL, NULL, '2014-03-03 00:54:37', '2014-04-15 00:31:15', 'be0d7aca-6c4e-4509-a93d-fadddcbc7a44');
INSERT INTO `craft_entrytypes` (`id`, `sectionId`, `fieldLayoutId`, `name`, `handle`, `hasTitleField`, `titleLabel`, `titleFormat`, `sortOrder`, `dateCreated`, `dateUpdated`, `uid`) VALUES ('4', '4', '14', 'Playlists', 'playlists', '1', 'Title', NULL, NULL, '2014-03-24 13:11:54', '2014-03-24 13:17:53', 'f0ea4fea-88fb-47a7-98ba-b7ba5716e467');
INSERT INTO `craft_entrytypes` (`id`, `sectionId`, `fieldLayoutId`, `name`, `handle`, `hasTitleField`, `titleLabel`, `titleFormat`, `sortOrder`, `dateCreated`, `dateUpdated`, `uid`) VALUES ('5', '5', '26', 'Releases', 'releases', '1', 'Title', NULL, NULL, '2014-04-12 15:23:50', '2014-04-14 13:05:20', 'e7a01daa-ecbd-4214-9751-820d0e390465');



--
-- Schema for table `craft_entryversions`
--

DROP TABLE IF EXISTS `craft_entryversions`;

CREATE TABLE `craft_entryversions` (
  `id` int(11) NOT NULL AUTO_INCREMENT,
  `entryId` int(11) NOT NULL,
  `sectionId` int(11) NOT NULL,
  `creatorId` int(11) DEFAULT NULL,
  `locale` char(12) COLLATE utf8_unicode_ci NOT NULL,
  `num` smallint(6) unsigned NOT NULL,
  `notes` tinytext COLLATE utf8_unicode_ci,
  `data` mediumtext COLLATE utf8_unicode_ci NOT NULL,
  `dateCreated` datetime NOT NULL,
  `dateUpdated` datetime NOT NULL,
  `uid` char(36) COLLATE utf8_unicode_ci NOT NULL DEFAULT '0',
  PRIMARY KEY (`id`),
  KEY `craft_entryversions_entryId_locale_idx` (`entryId`,`locale`),
  KEY `craft_entryversions_sectionId_fk` (`sectionId`),
  KEY `craft_entryversions_creatorId_fk` (`creatorId`),
  KEY `craft_entryversions_locale_fk` (`locale`)
) ENGINE=InnoDB AUTO_INCREMENT=31 DEFAULT CHARSET=utf8 COLLATE=utf8_unicode_ci;

--
-- Data for table `craft_entryversions`
--

INSERT INTO `craft_entryversions` (`id`, `entryId`, `sectionId`, `creatorId`, `locale`, `num`, `notes`, `data`, `dateCreated`, `dateUpdated`, `uid`) VALUES ('1', '7', '4', '1', 'en_us', '1', NULL, '{\"authorId\":\"1\",\"title\":\"Brian Feeney\",\"slug\":\"brian-feeney\",\"postDate\":1395667095,\"expiryDate\":null,\"enabled\":1,\"fields\":{\"2\":\"<p>Lorem ipsum dolor sit amet, consectetur adipisicing elit, sed do eiusmod tempor incididunt ut labore et dolore magna aliqua. Ut enim ad minim veniam, quis nostrud exercitation ullamco laboris nisi ut aliquip ex ea commodo consequat. Duis aute irure dolor in reprehenderit in voluptate velit esse cillum dolore eu fugiat nulla pariatur. Excepteur sint occaecat cupidatat non proident, sunt in culpa qui officia deserunt mollit anim id est laborum.<\\/p><p>Sed ut perspiciatis unde omnis iste natus error sit voluptatem accusantium doloremque laudantium, totam rem aperiam, eaque ipsa quae ab illo inventore veritatis et quasi architecto beatae vitae dicta sunt explicabo. Nemo enim ipsam voluptatem quia voluptas sit aspernatur aut odit aut fugit, sed quia consequuntur magni dolores eos qui ratione voluptatem sequi nesciunt. Neque porro quisquam est, qui dolorem ipsum quia dolor sit amet, consectetur, adipisci velit, sed quia non numquam eius modi tempora incidunt ut labore et dolore magnam aliquam quaerat voluptatem. Ut enim ad minima veniam, quis nostrum exercitationem ullam corporis suscipit laboriosam, nisi ut aliquid ex ea commodi consequatur? Quis autem vel eum iure reprehenderit qui in ea voluptate velit esse quam nihil molestiae consequatur, vel illum qui dolorem eum fugiat quo voluptas nulla pariatur?<\\/p>\",\"16\":[\"3\"]}}', '2014-03-24 13:18:15', '2014-06-07 14:10:05', '98a8e9cf-92a0-4242-94cd-89f6682c0893');
INSERT INTO `craft_entryversions` (`id`, `entryId`, `sectionId`, `creatorId`, `locale`, `num`, `notes`, `data`, `dateCreated`, `dateUpdated`, `uid`) VALUES ('2', '2', '1', '1', 'en_us', '1', NULL, '{\"authorId\":null,\"title\":\"Homepage\",\"slug\":\"homepage\",\"postDate\":1393808077,\"expiryDate\":null,\"enabled\":1,\"fields\":{\"2\":\"<p>It\\u2019s true, this site doesn\\u2019t have a whole lot of content yet, but don\\u2019t worry. Our web developers have just installed the CMS, and they\\u2019re setting things up for the content editors this very moment. Soon Clayfain.dev will be an oasis of fresh perspectives, sharp analyses, and astute opinions that will keep you coming back again and again.<\\/p>\",\"18\":\"\",\"1\":\"ClayFain\",\"17\":\"Clay Fain is a musician that makes music on instruments and plays that music on stage sometimes but also sometimes on the couch in the living room while watching TV.\",\"16\":\"\",\"19\":\"\"}}', '2014-03-24 13:35:42', '2014-06-07 14:10:05', '2703588c-5db5-4a76-a073-59ede138b0bf');
INSERT INTO `craft_entryversions` (`id`, `entryId`, `sectionId`, `creatorId`, `locale`, `num`, `notes`, `data`, `dateCreated`, `dateUpdated`, `uid`) VALUES ('3', '2', '1', '1', 'en_us', '2', NULL, '{\"authorId\":null,\"title\":\"Homepage\",\"slug\":\"homepage\",\"postDate\":1393808077,\"expiryDate\":null,\"enabled\":1,\"fields\":{\"2\":\"<p>It\\u2019s true, this site doesn\\u2019t have a whole lot of content yet, but don\\u2019t worry. Our web developers have just installed the CMS, and they\\u2019re setting things up for the content editors this very moment. Soon Clayfain.dev will be an oasis of fresh perspectives, sharp analyses, and astute opinions that will keep you coming back again and again.<\\/p>\",\"18\":\"\",\"1\":\"ClayFain\",\"17\":\"<p>Clay Fain is a musician that makes music on instruments and plays that music on stage sometimes but also sometimes on the couch in the living room while watching TV.<\\/p>\",\"16\":\"\",\"19\":\"\"}}', '2014-03-24 13:36:24', '2014-06-07 14:10:05', '8abaefbc-e34a-454a-b610-2db3c302b3a0');
INSERT INTO `craft_entryversions` (`id`, `entryId`, `sectionId`, `creatorId`, `locale`, `num`, `notes`, `data`, `dateCreated`, `dateUpdated`, `uid`) VALUES ('4', '2', '1', '1', 'en_us', '3', NULL, '{\"authorId\":null,\"title\":\"Homepage\",\"slug\":\"homepage\",\"postDate\":1393808077,\"expiryDate\":null,\"enabled\":1,\"fields\":{\"2\":\"<p>It\\u2019s true, this site doesn\\u2019t have a whole lot of content yet, but don\\u2019t worry. Our web developers have just installed the CMS, and they\\u2019re setting things up for the content editors this very moment. Soon Clayfain.dev will be an oasis of fresh perspectives, sharp analyses, and astute opinions that will keep you coming back again and again.<\\/p>\",\"18\":\"\",\"1\":\"Clay Fain\",\"17\":\"<p>Clay Fain is a musician that makes music on instruments and plays that music on stage sometimes but also sometimes on the couch in the living room while watching TV.<\\/p>\",\"16\":\"\",\"19\":\"\"}}', '2014-03-24 13:37:37', '2014-06-07 14:10:05', 'cf3f51cb-c857-40d1-bb3b-8df8ea2704d0');
INSERT INTO `craft_entryversions` (`id`, `entryId`, `sectionId`, `creatorId`, `locale`, `num`, `notes`, `data`, `dateCreated`, `dateUpdated`, `uid`) VALUES ('5', '2', '1', '1', 'en_us', '4', NULL, '{\"authorId\":null,\"title\":\"Homepage\",\"slug\":\"homepage\",\"postDate\":1393808077,\"expiryDate\":null,\"enabled\":1,\"fields\":{\"2\":\"<p>It\\u2019s true, this site doesn\\u2019t have a whole lot of content yet, but don\\u2019t worry. Our web developers have just installed the CMS, and they\\u2019re setting things up for the content editors this very moment. Soon Clayfain.dev will be an oasis of fresh perspectives, sharp analyses, and astute opinions that will keep you coming back again and again.<\\/p>\",\"18\":\"\",\"1\":\"Clay Fain\",\"17\":\"<p>Clay Fain is a musician that makes music on instruments and plays that music on stage sometimes but also sometimes on the couch in the living room while watching TV.<\\/p>\",\"16\":[\"3\"],\"19\":\"\"}}', '2014-03-24 13:38:23', '2014-06-07 14:10:05', 'a2d51404-daae-4266-beff-94b008af8c81');
INSERT INTO `craft_entryversions` (`id`, `entryId`, `sectionId`, `creatorId`, `locale`, `num`, `notes`, `data`, `dateCreated`, `dateUpdated`, `uid`) VALUES ('6', '2', '1', '1', 'en_us', '5', NULL, '{\"authorId\":null,\"title\":\"Clay Fain\",\"slug\":\"homepage\",\"postDate\":1393808077,\"expiryDate\":null,\"enabled\":1,\"fields\":{\"2\":\"<p>It\\u2019s true, this site doesn\\u2019t have a whole lot of content yet, but don\\u2019t worry. Our web developers have just installed the CMS, and they\\u2019re setting things up for the content editors this very moment. Soon Clayfain.dev will be an oasis of fresh perspectives, sharp analyses, and astute opinions that will keep you coming back again and again.<\\/p>\",\"18\":\"\",\"1\":\"Clay Fain\",\"17\":\"<p>Clay Fain is a musician that makes music on instruments and plays that music on stage sometimes but also sometimes on the couch in the living room while watching TV.<\\/p>\",\"16\":[\"3\"],\"19\":\"\"}}', '2014-03-25 02:12:47', '2014-06-07 14:10:05', '45196b9a-cd60-4fea-a4fb-53ea09016c8b');
INSERT INTO `craft_entryversions` (`id`, `entryId`, `sectionId`, `creatorId`, `locale`, `num`, `notes`, `data`, `dateCreated`, `dateUpdated`, `uid`) VALUES ('7', '9', '2', '1', 'en_us', '1', NULL, '{\"authorId\":\"1\",\"title\":\"Your Heart and Mine\",\"slug\":\"your-heart-and-mine\",\"postDate\":1397316054,\"expiryDate\":null,\"enabled\":1,\"fields\":{\"8\":\"\",\"7\":\"\",\"5\":\"\",\"15\":\"\",\"11\":[],\"6\":\"\",\"4\":\"<p>&lt;iframe width=\\\"100%\\\" height=\\\"166\\\" scrolling=\\\"no\\\" frameborder=\\\"no<wbr style=\\\"font-style: inherit; font-variant: inherit; font-weight: inherit; line-height: 1.5rem;\\\">\\\" src=\\\"<a href=\\\"https:\\/\\/w.soundcloud.com\\/player\\/?url=https%3A\\/\\/api.soundcloud.com\\/tracks\\/130540060%3Fsecret_token%3Ds-6J7so&amp;color=ff5500&amp;auto_play=false&amp;hide_related=false&amp;show_artwork=true\\\" style=\\\"font-family: Arial, Helvetica, Verdana, Tahoma, sans-serif; font-size: 15px;\\\">https:\\/\\/w.sound<wbr>cloud.com\\/playe<wbr>r\\/?url=https%3A<wbr>\\/\\/api.soundclou<wbr>d.com\\/tracks\\/13<wbr>0540060%3Fsecre<wbr>t_token%3Ds-6J7<wbr>so&amp;color=ff<wbr>5500&amp;auto_p<wbr>lay=false&amp;h<wbr>ide_related=fal<wbr>se&amp;show_art<wbr>work=true<\\/a>\\\"&gt;&lt;\\/iframe&gt;<\\/p>\",\"9\":\"\"}}', '2014-04-12 15:20:55', '2014-06-07 14:10:05', 'e5881749-c984-42f8-9170-7153152121f9');
INSERT INTO `craft_entryversions` (`id`, `entryId`, `sectionId`, `creatorId`, `locale`, `num`, `notes`, `data`, `dateCreated`, `dateUpdated`, `uid`) VALUES ('8', '9', '2', '1', 'en_us', '2', NULL, '{\"authorId\":\"1\",\"title\":\"Your Heart and Mine\",\"slug\":\"your-heart-and-mine\",\"postDate\":1397316000,\"expiryDate\":null,\"enabled\":1,\"fields\":{\"8\":\"\",\"7\":\"\",\"5\":\"\",\"15\":\"\",\"11\":[],\"6\":\"\",\"4\":\"<iframe width=\\\"100%\\\" height=\\\"166\\\" scrolling=\\\"no\\\" frameborder=\\\"no\\\" src=\\\"https:\\/\\/w.soundcloud.com\\/player\\/?url=https%3A\\/\\/api.soundcloud.com\\/tracks\\/130540060%3Fsecret_token%3Ds-6J7so&color=ff5500&auto_play=false&hide_related=false&show_artwork=true\\\">\\r\\n<\\/iframe>\",\"9\":\"\"}}', '2014-04-12 15:21:40', '2014-06-07 14:10:05', '8c9b9f80-bca0-4421-b282-4213d7512b32');
INSERT INTO `craft_entryversions` (`id`, `entryId`, `sectionId`, `creatorId`, `locale`, `num`, `notes`, `data`, `dateCreated`, `dateUpdated`, `uid`) VALUES ('9', '10', '5', '1', 'en_us', '1', NULL, '{\"authorId\":\"1\",\"title\":\"Album Title\",\"slug\":\"album-title\",\"postDate\":1397316255,\"expiryDate\":null,\"enabled\":1,\"fields\":[]}', '2014-04-12 15:24:16', '2014-06-07 14:10:05', 'e8a95b96-ad9b-49e5-aa08-ffbfa34ace29');
INSERT INTO `craft_entryversions` (`id`, `entryId`, `sectionId`, `creatorId`, `locale`, `num`, `notes`, `data`, `dateCreated`, `dateUpdated`, `uid`) VALUES ('10', '3', '2', '1', 'en_us', '1', NULL, '{\"authorId\":\"1\",\"title\":\"Come Home with Me\",\"slug\":\"come-home-with-me\",\"postDate\":1393808040,\"expiryDate\":null,\"enabled\":1,\"fields\":{\"2\":\"<p>Craft is the CMS that\\u2019s powering Clayfain.dev. It\\u2019s beautiful, powerful, flexible, and easy-to-use, and it\\u2019s made by Pixel &amp; Tonic. We can\\u2019t wait to dive in and see what it\\u2019s capable of!<\\/p><!--pagebreak--><p>This is even more captivating content, which you couldn\\u2019t see on the News index page because it was entered after a Page Break, and the News index template only likes to show the content on the first page.<\\/p><p>Craft: a nice alternative to Word, if you\\u2019re making a website.<\\/p>\",\"8\":\"Clay Fain, John Smith\",\"7\":\"\",\"10\":\"2013-10-09 00:00:00\",\"5\":\"<p>We found love in the summer\'s acid rain<\\/p><p>We found love as it was spinning down the drain<br>We found love in a moment at the bar<br>We found love cause we were looking oh so hard<\\/p><p>Come home with me<br>So I can watch you as you sleep<br>And pretend you are my love<br>The mythic beast they call \\\"the one\\\"<br>So make my night complete<br>Come home with me<\\/p><p>Went downtown with a glimmer in my eye<br>Fell back down in a drink and crossed the line<br>What\'s more real is it the dark, is it the night<br>We found love, our better judgement out of sight<\\/p><p>Come home with me<br>So I can watch you as you sleep<br>And pretend you are my love<br>The mythic beast they call \\\"the one\\\"<br>So make my night complete<br>Come home with me<\\/p><p>We found love in the truth behind the lies<br>We found love crossing t\'s and dotting i\'s<br>We found love in a moment at the bar<br>We found love cause we were looking oh so hard<\\/p><p>Come home with me<br>So I can watch you as you sleep<br>And pretend you are my love<br>The mythic beast they call \\\"the one\\\"<br>So make my night complete<br>Come home with me<\\/p>\",\"15\":\"\",\"11\":[],\"20\":[\"10\"],\"6\":\"<p>Lorem ipsum dolor sit amet, consectetur adipisicing elit, sed do eiusmod tempor incididunt ut labore et dolore magna aliqua. Ut enim ad minim veniam, quis nostrud exercitation ullamco laboris nisi ut aliquip ex ea commodo consequat. Duis aute irure dolor in reprehenderit in voluptate velit esse cillum dolore eu fugiat nulla pariatur. Excepteur sint occaecat cupidatat non proident, sunt in culpa qui officia deserunt mollit anim id est laborum.<\\/p>\",\"4\":\"<iframe width=\\\"100%\\\" height=\\\"166\\\" scrolling=\\\"no\\\" frameborder=\\\"no\\\" src=\\\"https:\\/\\/w.soundcloud.com\\/player\\/?url=https%3A\\/\\/api.soundcloud.com\\/tracks\\/113413237&color=000000&auto_play=false&hide_related=false&show_artwork=true\\\"><\\/iframe>\",\"9\":[\"4\",\"5\"]}}', '2014-04-12 15:28:15', '2014-06-07 14:10:05', '6d13a0dc-f099-4028-97cf-df2d326aa32e');
INSERT INTO `craft_entryversions` (`id`, `entryId`, `sectionId`, `creatorId`, `locale`, `num`, `notes`, `data`, `dateCreated`, `dateUpdated`, `uid`) VALUES ('11', '7', '4', '1', 'en_us', '2', NULL, '{\"authorId\":\"1\",\"title\":\"Brian Feeney\",\"slug\":\"brian-feeney\",\"postDate\":1395667080,\"expiryDate\":null,\"enabled\":1,\"fields\":{\"2\":\"<p>Lorem ipsum dolor sit amet, consectetur adipisicing elit, sed do eiusmod tempor incididunt ut labore et dolore magna aliqua. Ut enim ad minim veniam, quis nostrud exercitation ullamco laboris nisi ut aliquip ex ea commodo consequat. Duis aute irure dolor in reprehenderit in voluptate velit esse cillum dolore eu fugiat nulla pariatur. Excepteur sint occaecat cupidatat non proident, sunt in culpa qui officia deserunt mollit anim id est laborum.<\\/p><p>Sed ut perspiciatis unde omnis iste natus error sit voluptatem accusantium doloremque laudantium, totam rem aperiam, eaque ipsa quae ab illo inventore veritatis et quasi architecto beatae vitae dicta sunt explicabo. Nemo enim ipsam voluptatem quia voluptas sit aspernatur aut odit aut fugit, sed quia consequuntur magni dolores eos qui ratione voluptatem sequi nesciunt. Neque porro quisquam est, qui dolorem ipsum quia dolor sit amet, consectetur, adipisci velit, sed quia non numquam eius modi tempora incidunt ut labore et dolore magnam aliquam quaerat voluptatem. Ut enim ad minima veniam, quis nostrum exercitationem ullam corporis suscipit laboriosam, nisi ut aliquid ex ea commodi consequatur? Quis autem vel eum iure reprehenderit qui in ea voluptate velit esse quam nihil molestiae consequatur, vel illum qui dolorem eum fugiat quo voluptas nulla pariatur?<\\/p><h2>Section Something<\\/h2><p>Lorem ipsum dolor sit amet, consectetur adipisicing elit, sed do eiusmod tempor incididunt ut labore et dolore magna aliqua. Ut enim ad minim veniam, quis nostrud exercitation ullamco laboris nisi ut aliquip ex ea commodo consequat. Duis aute irure dolor in reprehenderit in voluptate velit esse cillum dolore eu fugiat nulla pariatur. Excepteur sint occaecat cupidatat non proident, sunt in culpa qui officia deserunt mollit anim id est laborum.<\\/p>\",\"16\":[\"3\"]}}', '2014-04-12 15:30:13', '2014-06-07 14:10:05', 'b6dc5e56-314e-4b69-bd54-49e36c4a3732');
INSERT INTO `craft_entryversions` (`id`, `entryId`, `sectionId`, `creatorId`, `locale`, `num`, `notes`, `data`, `dateCreated`, `dateUpdated`, `uid`) VALUES ('12', '2', '1', '1', 'en_us', '6', NULL, '{\"authorId\":null,\"title\":\"Homepage\",\"slug\":\"homepage\",\"postDate\":1393808077,\"expiryDate\":null,\"enabled\":1,\"fields\":{\"2\":\"<p>It\\u2019s true, this site doesn\\u2019t have a whole lot of content yet, but don\\u2019t worry. Our web developers have just installed the CMS, and they\\u2019re setting things up for the content editors this very moment. Soon Clayfain.dev will be an oasis of fresh perspectives, sharp analyses, and astute opinions that will keep you coming back again and again.<\\/p>\",\"18\":\"\",\"1\":\"Clay Fain\",\"21\":\"\",\"17\":\"<p>Clay Fain is a musician that makes music on instruments and plays that music on stage sometimes but also sometimes on the couch in the living room while watching TV.<\\/p>\",\"22\":[\"10\"],\"16\":[\"3\"],\"19\":\"\"}}', '2014-04-14 13:03:18', '2014-06-07 14:10:05', 'c10a5ef1-654f-49ba-ad4d-ca9c71b054c8');
INSERT INTO `craft_entryversions` (`id`, `entryId`, `sectionId`, `creatorId`, `locale`, `num`, `notes`, `data`, `dateCreated`, `dateUpdated`, `uid`) VALUES ('13', '10', '5', '1', 'en_us', '2', NULL, '{\"authorId\":\"1\",\"title\":\"Album Title\",\"slug\":\"album-title\",\"postDate\":1397316240,\"expiryDate\":null,\"enabled\":1,\"fields\":{\"11\":\"<iframe style=\\\"border: 0; width: 350px; height: 470px;\\\" src=\\\"http:\\/\\/bandcamp.com\\/EmbeddedPlayer\\/album=4225007596\\/size=large\\/bgcol=ffffff\\/linkcol=0687f5\\/tracklist=false\\/transparent=true\\/\\\" seamless><a href=\\\"http:\\/\\/clayfain.bandcamp.com\\/album\\/sad-eyes\\\">Sad Eyes by Clay Fain<\\/a><\\/iframe>\"}}', '2014-04-14 13:05:58', '2014-06-07 14:10:05', '6258bb15-e93f-4223-a348-5d1eb7c2d4d4');
INSERT INTO `craft_entryversions` (`id`, `entryId`, `sectionId`, `creatorId`, `locale`, `num`, `notes`, `data`, `dateCreated`, `dateUpdated`, `uid`) VALUES ('14', '2', '1', '1', 'en_us', '7', NULL, '{\"authorId\":null,\"title\":\"Homepage\",\"slug\":\"homepage\",\"postDate\":1393808077,\"expiryDate\":null,\"enabled\":1,\"fields\":{\"2\":\"<p>It\\u2019s true, this site doesn\\u2019t have a whole lot of content yet, but don\\u2019t worry. Our web developers have just installed the CMS, and they\\u2019re setting things up for the content editors this very moment. Soon Clayfain.dev will be an oasis of fresh perspectives, sharp analyses, and astute opinions that will keep you coming back again and again.<\\/p>\",\"18\":\"\",\"1\":\"Clay Fain\",\"21\":\"\",\"17\":\"<p>Clay Fain is a musician that makes music on instruments and plays that music on stage sometimes but also sometimes on the couch in the living room while watching TV.<\\/p>\",\"22\":[\"10\"],\"16\":[\"3\"],\"19\":\"\"}}', '2014-04-14 13:08:57', '2014-06-07 14:10:05', '5ffc5652-b812-4681-8c7c-60265bea20d5');
INSERT INTO `craft_entryversions` (`id`, `entryId`, `sectionId`, `creatorId`, `locale`, `num`, `notes`, `data`, `dateCreated`, `dateUpdated`, `uid`) VALUES ('15', '10', '5', '1', 'en_us', '3', NULL, '{\"authorId\":\"1\",\"title\":\"Sad Eyes\",\"slug\":\"album-title\",\"postDate\":1397316240,\"expiryDate\":null,\"enabled\":1,\"fields\":{\"11\":\"<iframe style=\\\"border: 0; width: 350px; height: 470px;\\\" src=\\\"http:\\/\\/bandcamp.com\\/EmbeddedPlayer\\/album=4225007596\\/size=large\\/bgcol=ffffff\\/linkcol=0687f5\\/tracklist=false\\/transparent=true\\/\\\" seamless=\\\"\\\">&lt;a href=\\\"http:\\/\\/clayfain.bandcamp.com\\/album\\/sad-eyes\\\"&gt;Sad Eyes by Clay Fain&lt;\\/a&gt;<\\/iframe>\"}}', '2014-04-14 13:13:57', '2014-06-07 14:10:05', 'b9c95506-9485-4d10-a165-9c0035c7ed2c');
INSERT INTO `craft_entryversions` (`id`, `entryId`, `sectionId`, `creatorId`, `locale`, `num`, `notes`, `data`, `dateCreated`, `dateUpdated`, `uid`) VALUES ('16', '2', '1', '1', 'en_us', '8', NULL, '{\"authorId\":null,\"title\":\"Homepage\",\"slug\":\"homepage\",\"postDate\":1393808077,\"expiryDate\":null,\"enabled\":1,\"fields\":{\"2\":\"<p>It\\u2019s true, this site doesn\\u2019t have a whole lot of content yet, but don\\u2019t worry. Our web developers have just installed the CMS, and they\\u2019re setting things up for the content editors this very moment. Soon Clayfain.dev will be an oasis of fresh perspectives, sharp analyses, and astute opinions that will keep you coming back again and again.<\\/p>\",\"18\":\"\",\"1\":\"Clay Fain\",\"21\":\"\",\"17\":\"<p>Clay Fain is a musician that makes music on instruments and plays that music on stage sometimes but also sometimes on the couch in the living room while watching TV.<\\/p>\",\"22\":[\"10\"],\"16\":[\"3\",\"9\"],\"19\":\"\"}}', '2014-04-15 00:26:41', '2014-06-07 14:10:05', '573e177c-7719-4b73-8f6a-ea8faaa5708b');
INSERT INTO `craft_entryversions` (`id`, `entryId`, `sectionId`, `creatorId`, `locale`, `num`, `notes`, `data`, `dateCreated`, `dateUpdated`, `uid`) VALUES ('17', '3', '2', '1', 'en_us', '2', NULL, '{\"authorId\":\"1\",\"title\":\"Come Home with Me\",\"slug\":\"come-home-with-me\",\"postDate\":1393808040,\"expiryDate\":null,\"enabled\":1,\"fields\":{\"2\":\"<p>Craft is the CMS that\\u2019s powering Clayfain.dev. It\\u2019s beautiful, powerful, flexible, and easy-to-use, and it\\u2019s made by Pixel &amp; Tonic. We can\\u2019t wait to dive in and see what it\\u2019s capable of!<\\/p><!--pagebreak--><p>This is even more captivating content, which you couldn\\u2019t see on the News index page because it was entered after a Page Break, and the News index template only likes to show the content on the first page.<\\/p><p>Craft: a nice alternative to Word, if you\\u2019re making a website.<\\/p>\",\"8\":\"Clay Fain, John Smith\",\"7\":\"\",\"10\":\"2013-10-09 00:00:00\",\"5\":\"<p>We found love in the summer\'s acid rain<\\/p><p>We found love as it was spinning down the drain<br>We found love in a moment at the bar<br>We found love cause we were looking oh so hard<\\/p><p>Come home with me<br>So I can watch you as you sleep<br>And pretend you are my love<br>The mythic beast they call \\\"the one\\\"<br>So make my night complete<br>Come home with me<\\/p><p>Went downtown with a glimmer in my eye<br>Fell back down in a drink and crossed the line<br>What\'s more real is it the dark, is it the night<br>We found love, our better judgement out of sight<\\/p><p>Come home with me<br>So I can watch you as you sleep<br>And pretend you are my love<br>The mythic beast they call \\\"the one\\\"<br>So make my night complete<br>Come home with me<\\/p><p>We found love in the truth behind the lies<br>We found love crossing t\'s and dotting i\'s<br>We found love in a moment at the bar<br>We found love cause we were looking oh so hard<\\/p><p>Come home with me<br>So I can watch you as you sleep<br>And pretend you are my love<br>The mythic beast they call \\\"the one\\\"<br>So make my night complete<br>Come home with me<\\/p>\",\"15\":\"\",\"22\":[\"10\"],\"6\":\"<p>Lorem ipsum dolor sit amet, consectetur adipisicing elit, sed do eiusmod tempor incididunt ut labore et dolore magna aliqua. Ut enim ad minim veniam, quis nostrud exercitation ullamco laboris nisi ut aliquip ex ea commodo consequat. Duis aute irure dolor in reprehenderit in voluptate velit esse cillum dolore eu fugiat nulla pariatur. Excepteur sint occaecat cupidatat non proident, sunt in culpa qui officia deserunt mollit anim id est laborum.<\\/p>\",\"4\":\"<iframe width=\\\"100%\\\" height=\\\"166\\\" scrolling=\\\"no\\\" frameborder=\\\"no\\\" src=\\\"https:\\/\\/w.soundcloud.com\\/player\\/?url=https%3A\\/\\/api.soundcloud.com\\/tracks\\/113413237&color=000000&auto_play=false&hide_related=false&show_artwork=true\\\"><\\/iframe>\",\"9\":[\"4\",\"5\"]}}', '2014-04-15 00:37:53', '2014-06-07 14:10:05', '36574335-b37e-4a2b-a4c5-37c9648642d8');
INSERT INTO `craft_entryversions` (`id`, `entryId`, `sectionId`, `creatorId`, `locale`, `num`, `notes`, `data`, `dateCreated`, `dateUpdated`, `uid`) VALUES ('18', '9', '2', '1', 'en_us', '3', NULL, '{\"authorId\":\"1\",\"title\":\"Your Heart and Mine\",\"slug\":\"your-heart-and-mine\",\"postDate\":1397316000,\"expiryDate\":null,\"enabled\":1,\"fields\":{\"8\":\"\",\"7\":\"\",\"5\":\"\",\"15\":\"\",\"22\":\"\",\"6\":\"\",\"4\":\"<iframe width=\\\"100%\\\" height=\\\"166\\\" scrolling=\\\"no\\\" frameborder=\\\"no\\\" src=\\\"https:\\/\\/w.soundcloud.com\\/player\\/?url=https%3A\\/\\/api.soundcloud.com\\/tracks\\/130540060%3Fsecret_token%3Ds-6J7so&color=ff5500&auto_play=false&hide_related=false&show_artwork=true\\\">\\r\\n<\\/iframe>\",\"9\":[\"new:breakup\",\"4\",\"new:nyc\"]}}', '2014-04-15 00:44:19', '2014-06-07 14:10:05', '8eca1df0-c0ba-45fa-9611-7c5f8c3fae34');
INSERT INTO `craft_entryversions` (`id`, `entryId`, `sectionId`, `creatorId`, `locale`, `num`, `notes`, `data`, `dateCreated`, `dateUpdated`, `uid`) VALUES ('19', '15', '5', '1', 'en_us', '1', '', '{\"authorId\":\"1\",\"title\":\"Test Release 1\",\"slug\":\"test-release-1\",\"postDate\":1402846686,\"expiryDate\":null,\"enabled\":1,\"fields\":{\"11\":\"<iframe style=\\\"border: 0; width: 350px; height: 470px;\\\" src=\\\"http:\\/\\/bandcamp.com\\/EmbeddedPlayer\\/album=4225007596\\/size=large\\/bgcol=ffffff\\/linkcol=0687f5\\/tracklist=false\\/transparent=true\\/\\\" seamless=\\\"\\\">\\r\\n&lt;a href=\\\"http:\\/\\/clayfain.bandcamp.com\\/album\\/sad-eyes\\\"&gt;Sad Eyes by Clay Fain&lt;\\/a&gt;\\r\\n<\\/iframe>\"}}', '2014-06-15 15:38:08', '2014-06-15 15:38:08', '88f0801c-dd53-4bf1-8bb7-29f6e2e4d6cc');
INSERT INTO `craft_entryversions` (`id`, `entryId`, `sectionId`, `creatorId`, `locale`, `num`, `notes`, `data`, `dateCreated`, `dateUpdated`, `uid`) VALUES ('20', '16', '5', '1', 'en_us', '1', '', '{\"authorId\":\"1\",\"title\":\"Test Release 2\",\"slug\":\"test-release-2\",\"postDate\":1403268998,\"expiryDate\":null,\"enabled\":1,\"fields\":{\"11\":\"<iframe style=\\\"border: 0; width: 350px; height: 470px;\\\" src=\\\"http:\\/\\/bandcamp.com\\/EmbeddedPlayer\\/album=4225007596\\/size=large\\/bgcol=ffffff\\/linkcol=0687f5\\/tracklist=false\\/transparent=true\\/\\\" seamless=\\\"\\\">\\r\\n&lt;a href=\\\"http:\\/\\/clayfain.bandcamp.com\\/album\\/sad-eyes\\\"&gt;Sad Eyes by Clay Fain&lt;\\/a&gt;\\r\\n<\\/iframe>\"}}', '2014-06-20 12:56:38', '2014-06-20 12:56:38', '69f82bd7-9579-488b-abcf-d7c52ca1fafb');
INSERT INTO `craft_entryversions` (`id`, `entryId`, `sectionId`, `creatorId`, `locale`, `num`, `notes`, `data`, `dateCreated`, `dateUpdated`, `uid`) VALUES ('21', '10', '5', '1', 'en_us', '4', '', '{\"authorId\":\"1\",\"title\":\"Sad Eyes\",\"slug\":\"album-title\",\"postDate\":1397316240,\"expiryDate\":null,\"enabled\":1,\"fields\":{\"11\":\"<p>4225007596<\\/p>\"}}', '2014-06-21 15:23:17', '2014-06-21 15:23:17', '3d79b294-02fe-4fb9-95f9-dc79ba6d694a');
INSERT INTO `craft_entryversions` (`id`, `entryId`, `sectionId`, `creatorId`, `locale`, `num`, `notes`, `data`, `dateCreated`, `dateUpdated`, `uid`) VALUES ('22', '10', '5', '1', 'en_us', '5', '', '{\"authorId\":\"1\",\"title\":\"Sad Eyes\",\"slug\":\"album-title\",\"postDate\":1397316240,\"expiryDate\":null,\"enabled\":1,\"fields\":{\"11\":\"4225007596\"}}', '2014-06-21 15:24:35', '2014-06-21 15:24:35', '6e17dc08-9ba1-4178-a6ae-4dcca5b01b6f');
INSERT INTO `craft_entryversions` (`id`, `entryId`, `sectionId`, `creatorId`, `locale`, `num`, `notes`, `data`, `dateCreated`, `dateUpdated`, `uid`) VALUES ('23', '10', '5', '1', 'en_us', '6', '', '{\"authorId\":\"1\",\"title\":\"Sad Eyes\",\"slug\":\"album-title\",\"postDate\":1397316240,\"expiryDate\":null,\"enabled\":1,\"fields\":{\"11\":\"4225007596\"}}', '2014-06-21 15:25:16', '2014-06-21 15:25:16', '02a2f79f-c06e-4105-be5c-cebcf37a6a88');
INSERT INTO `craft_entryversions` (`id`, `entryId`, `sectionId`, `creatorId`, `locale`, `num`, `notes`, `data`, `dateCreated`, `dateUpdated`, `uid`) VALUES ('24', '9', '2', '1', 'en_us', '4', '', '{\"authorId\":\"1\",\"title\":\"Your Heart and Mine\",\"slug\":\"your-heart-and-mine\",\"postDate\":1397316000,\"expiryDate\":null,\"enabled\":1,\"fields\":{\"8\":\"\",\"7\":\"\",\"10\":{\"date\":\"\"},\"5\":\"\",\"15\":\"\",\"22\":\"\",\"6\":\"\",\"4\":\"130540060\",\"9\":[\"13\",\"4\",\"14\"]}}', '2014-07-08 12:34:58', '2014-07-08 12:34:58', '01bd2914-7fae-4120-bfc0-5b21d7a33bc1');
INSERT INTO `craft_entryversions` (`id`, `entryId`, `sectionId`, `creatorId`, `locale`, `num`, `notes`, `data`, `dateCreated`, `dateUpdated`, `uid`) VALUES ('25', '9', '2', '1', 'en_us', '5', '', '{\"authorId\":\"1\",\"title\":\"Your Heart and Mine\",\"slug\":\"your-heart-and-mine\",\"postDate\":1397316000,\"expiryDate\":null,\"enabled\":1,\"fields\":{\"8\":\"\",\"7\":\"\",\"10\":{\"date\":\"\"},\"5\":\"\",\"15\":\"\",\"22\":\"\",\"6\":\"\",\"4\":\"130540060\",\"9\":[\"13\",\"4\",\"14\"]}}', '2014-07-08 12:36:33', '2014-07-08 12:36:33', 'da85bcfd-7e62-4c61-875e-3d98f49b86c7');
INSERT INTO `craft_entryversions` (`id`, `entryId`, `sectionId`, `creatorId`, `locale`, `num`, `notes`, `data`, `dateCreated`, `dateUpdated`, `uid`) VALUES ('26', '3', '2', '1', 'en_us', '3', '', '{\"authorId\":\"1\",\"title\":\"Come Home with Me\",\"slug\":\"come-home-with-me\",\"postDate\":1393808040,\"expiryDate\":null,\"enabled\":1,\"fields\":{\"8\":\"Clay Fain, John Smith\",\"7\":\"\",\"10\":{\"date\":\"10\\/9\\/2013\"},\"5\":\"<p>We found love in the summer\'s acid rain<\\/p><p>We found love as it was spinning down the drain<br>We found love in a moment at the bar<br>We found love cause we were looking oh so hard<\\/p><p>Come home with me<br>So I can watch you as you sleep<br>And pretend you are my love<br>The mythic beast they call \\\"the one\\\"<br>So make my night complete<br>Come home with me<\\/p><p>Went downtown with a glimmer in my eye<br>Fell back down in a drink and crossed the line<br>What\'s more real is it the dark, is it the night<br>We found love, our better judgement out of sight<\\/p><p>Come home with me<br>So I can watch you as you sleep<br>And pretend you are my love<br>The mythic beast they call \\\"the one\\\"<br>So make my night complete<br>Come home with me<\\/p><p>We found love in the truth behind the lies<br>We found love crossing t\'s and dotting i\'s<br>We found love in a moment at the bar<br>We found love cause we were looking oh so hard<\\/p><p>Come home with me<br>So I can watch you as you sleep<br>And pretend you are my love<br>The mythic beast they call \\\"the one\\\"<br>So make my night complete<br>Come home with me<\\/p>\",\"15\":\"\",\"22\":[\"10\"],\"6\":\"<p>Lorem ipsum dolor sit amet, consectetur adipisicing elit, sed do eiusmod tempor incididunt ut labore et dolore magna aliqua. Ut enim ad minim veniam, quis nostrud exercitation ullamco laboris nisi ut aliquip ex ea commodo consequat. Duis aute irure dolor in reprehenderit in voluptate velit esse cillum dolore eu fugiat nulla pariatur. Excepteur sint occaecat cupidatat non proident, sunt in culpa qui officia deserunt mollit anim id est laborum.<\\/p>\",\"4\":\"113413237\",\"9\":[\"4\",\"5\"]}}', '2014-07-08 12:37:34', '2014-07-08 12:37:34', '5f02c1a9-542d-415e-9bd4-6c67cf98fadf');
INSERT INTO `craft_entryversions` (`id`, `entryId`, `sectionId`, `creatorId`, `locale`, `num`, `notes`, `data`, `dateCreated`, `dateUpdated`, `uid`) VALUES ('27', '16', '5', '1', 'en_us', '2', '', '{\"authorId\":\"1\",\"title\":\"Test Release 2\",\"slug\":\"test-release-2\",\"postDate\":1403268960,\"expiryDate\":null,\"enabled\":1,\"fields\":{\"11\":\"592733622\"}}', '2014-07-08 12:53:42', '2014-07-08 12:53:42', '5457d5b1-c5c7-4d17-b129-f1b41abf7929');
INSERT INTO `craft_entryversions` (`id`, `entryId`, `sectionId`, `creatorId`, `locale`, `num`, `notes`, `data`, `dateCreated`, `dateUpdated`, `uid`) VALUES ('28', '16', '5', '1', 'en_us', '3', '', '{\"authorId\":\"1\",\"title\":\"Heart of Gold\",\"slug\":\"test-release-2\",\"postDate\":1403268960,\"expiryDate\":null,\"enabled\":1,\"fields\":{\"11\":\"592733622\"}}', '2014-07-08 12:53:52', '2014-07-08 12:53:52', '3806aa21-ae31-439b-bb01-d9b47bd9a2c2');
INSERT INTO `craft_entryversions` (`id`, `entryId`, `sectionId`, `creatorId`, `locale`, `num`, `notes`, `data`, `dateCreated`, `dateUpdated`, `uid`) VALUES ('29', '2', '1', '1', 'en_us', '9', '', '{\"authorId\":null,\"title\":\"Homepage\",\"slug\":\"homepage\",\"postDate\":1393808077,\"expiryDate\":null,\"enabled\":1,\"fields\":{\"2\":\"<p>It\\u2019s true, this site doesn\\u2019t have a whole lot of content yet, but don\\u2019t worry. Our web developers have just installed the CMS, and they\\u2019re setting things up for the content editors this very moment. Soon Clayfain.dev will be an oasis of fresh perspectives, sharp analyses, and astute opinions that will keep you coming back again and again.<\\/p>\",\"18\":\"\",\"21\":\"\",\"17\":\"<p>Clay Fain is a musician that makes music on instruments and plays that music on stage sometimes but also sometimes on the couch in the living room while watching TV.<\\/p>\",\"22\":[\"10\",\"16\"],\"16\":[\"3\",\"9\"],\"19\":\"\"}}', '2014-07-08 12:54:15', '2014-07-08 12:54:15', 'b586430a-d758-4db4-b9ed-e78f9d4282a4');
INSERT INTO `craft_entryversions` (`id`, `entryId`, `sectionId`, `creatorId`, `locale`, `num`, `notes`, `data`, `dateCreated`, `dateUpdated`, `uid`) VALUES ('30', '9', '2', '1', 'en_us', '6', '', '{\"authorId\":\"1\",\"title\":\"Your Heart and Mine\",\"slug\":\"your-heart-and-mine\",\"postDate\":1397316000,\"expiryDate\":null,\"enabled\":1,\"fields\":{\"8\":\"\",\"7\":\"\",\"10\":{\"date\":\"\"},\"5\":\"\",\"15\":[\"8\"],\"22\":\"\",\"6\":\"\",\"4\":\"130540060\",\"9\":[\"13\",\"4\",\"14\"]}}', '2014-07-10 14:42:45', '2014-07-10 14:42:45', '858132df-5cb3-4011-bbcd-44458ae20f98');



--
-- Schema for table `craft_fieldgroups`
--

DROP TABLE IF EXISTS `craft_fieldgroups`;

CREATE TABLE `craft_fieldgroups` (
  `id` int(11) NOT NULL AUTO_INCREMENT,
  `name` varchar(255) COLLATE utf8_unicode_ci NOT NULL,
  `dateCreated` datetime NOT NULL,
  `dateUpdated` datetime NOT NULL,
  `uid` char(36) COLLATE utf8_unicode_ci NOT NULL DEFAULT '0',
  PRIMARY KEY (`id`),
  UNIQUE KEY `craft_fieldgroups_name_unq_idx` (`name`)
) ENGINE=InnoDB AUTO_INCREMENT=5 DEFAULT CHARSET=utf8 COLLATE=utf8_unicode_ci;

--
-- Data for table `craft_fieldgroups`
--

INSERT INTO `craft_fieldgroups` (`id`, `name`, `dateCreated`, `dateUpdated`, `uid`) VALUES ('1', 'Default', '2014-03-03 00:54:36', '2014-03-03 00:54:36', 'bad39d5c-565f-4573-b19b-15ebbc5d02e3');
INSERT INTO `craft_fieldgroups` (`id`, `name`, `dateCreated`, `dateUpdated`, `uid`) VALUES ('2', 'Songs', '2014-03-09 15:41:15', '2014-03-09 15:41:15', 'aa35b037-f8ec-4025-92c1-7b1632af7680');
INSERT INTO `craft_fieldgroups` (`id`, `name`, `dateCreated`, `dateUpdated`, `uid`) VALUES ('3', 'Playlists', '2014-03-24 13:16:24', '2014-03-24 13:16:24', '252f122e-f9f6-4c54-9815-fc375a3aeda4');
INSERT INTO `craft_fieldgroups` (`id`, `name`, `dateCreated`, `dateUpdated`, `uid`) VALUES ('4', 'Homepage', '2014-03-24 13:31:38', '2014-03-24 13:31:38', '3e4072ed-6c73-4db1-ab94-731246855bdc');



--
-- Schema for table `craft_fieldlayoutfields`
--

DROP TABLE IF EXISTS `craft_fieldlayoutfields`;

CREATE TABLE `craft_fieldlayoutfields` (
  `id` int(11) NOT NULL AUTO_INCREMENT,
  `layoutId` int(11) NOT NULL,
  `tabId` int(11) DEFAULT NULL,
  `fieldId` int(11) NOT NULL,
  `required` tinyint(1) unsigned NOT NULL DEFAULT '0',
  `sortOrder` tinyint(4) DEFAULT NULL,
  `dateCreated` datetime NOT NULL,
  `dateUpdated` datetime NOT NULL,
  `uid` char(36) COLLATE utf8_unicode_ci NOT NULL DEFAULT '0',
  PRIMARY KEY (`id`),
  UNIQUE KEY `craft_fieldlayoutfields_layoutId_fieldId_unq_idx` (`layoutId`,`fieldId`),
  KEY `craft_fieldlayoutfields_sortOrder_idx` (`sortOrder`),
  KEY `craft_fieldlayoutfields_tabId_fk` (`tabId`),
  KEY `craft_fieldlayoutfields_fieldId_fk` (`fieldId`)
) ENGINE=InnoDB AUTO_INCREMENT=93 DEFAULT CHARSET=utf8 COLLATE=utf8_unicode_ci;

--
-- Data for table `craft_fieldlayoutfields`
--

INSERT INTO `craft_fieldlayoutfields` (`id`, `layoutId`, `tabId`, `fieldId`, `required`, `sortOrder`, `dateCreated`, `dateUpdated`, `uid`) VALUES ('9', '8', NULL, '12', '1', '1', '2014-03-09 15:47:46', '2014-03-09 15:47:46', 'b2866102-d812-48b0-8714-db750b0fb627');
INSERT INTO `craft_fieldlayoutfields` (`id`, `layoutId`, `tabId`, `fieldId`, `required`, `sortOrder`, `dateCreated`, `dateUpdated`, `uid`) VALUES ('10', '8', NULL, '13', '1', '2', '2014-03-09 15:47:46', '2014-03-09 15:47:46', '043f3eec-3c67-4423-a720-155bbdcc7282');
INSERT INTO `craft_fieldlayoutfields` (`id`, `layoutId`, `tabId`, `fieldId`, `required`, `sortOrder`, `dateCreated`, `dateUpdated`, `uid`) VALUES ('11', '8', NULL, '14', '0', '3', '2014-03-09 15:47:46', '2014-03-09 15:47:46', 'e0bcb878-c279-4051-b478-f003cdad63f5');
INSERT INTO `craft_fieldlayoutfields` (`id`, `layoutId`, `tabId`, `fieldId`, `required`, `sortOrder`, `dateCreated`, `dateUpdated`, `uid`) VALUES ('23', '14', '8', '16', '0', '1', '2014-03-24 13:17:53', '2014-03-24 13:17:53', '38ce8c0c-7db3-4333-a179-f12768a4de15');
INSERT INTO `craft_fieldlayoutfields` (`id`, `layoutId`, `tabId`, `fieldId`, `required`, `sortOrder`, `dateCreated`, `dateUpdated`, `uid`) VALUES ('24', '14', '8', '2', '0', '2', '2014-03-24 13:17:53', '2014-03-24 13:17:53', 'c111cd2a-66a3-4785-ae5d-e4d2e88238c3');
INSERT INTO `craft_fieldlayoutfields` (`id`, `layoutId`, `tabId`, `fieldId`, `required`, `sortOrder`, `dateCreated`, `dateUpdated`, `uid`) VALUES ('64', '24', '15', '17', '0', '1', '2014-04-14 12:59:02', '2014-04-14 12:59:02', '7bd93934-dbd8-488c-a690-b090fec35735');
INSERT INTO `craft_fieldlayoutfields` (`id`, `layoutId`, `tabId`, `fieldId`, `required`, `sortOrder`, `dateCreated`, `dateUpdated`, `uid`) VALUES ('65', '24', '15', '16', '0', '2', '2014-04-14 12:59:02', '2014-04-14 12:59:02', 'f7422d75-6e29-4f17-83df-774b4a1a6040');
INSERT INTO `craft_fieldlayoutfields` (`id`, `layoutId`, `tabId`, `fieldId`, `required`, `sortOrder`, `dateCreated`, `dateUpdated`, `uid`) VALUES ('66', '24', '15', '2', '0', '3', '2014-04-14 12:59:02', '2014-04-14 12:59:02', 'eaa5a25a-c943-48b0-b39c-9edff4328fcb');
INSERT INTO `craft_fieldlayoutfields` (`id`, `layoutId`, `tabId`, `fieldId`, `required`, `sortOrder`, `dateCreated`, `dateUpdated`, `uid`) VALUES ('67', '24', '15', '22', '0', '4', '2014-04-14 12:59:02', '2014-04-14 12:59:02', '74c1d5c3-d1fc-4531-8a82-8f48ad6bdd1d');
INSERT INTO `craft_fieldlayoutfields` (`id`, `layoutId`, `tabId`, `fieldId`, `required`, `sortOrder`, `dateCreated`, `dateUpdated`, `uid`) VALUES ('68', '24', '15', '18', '0', '5', '2014-04-14 12:59:02', '2014-04-14 12:59:02', '2e03860c-d05f-4746-b496-feb991282c0f');
INSERT INTO `craft_fieldlayoutfields` (`id`, `layoutId`, `tabId`, `fieldId`, `required`, `sortOrder`, `dateCreated`, `dateUpdated`, `uid`) VALUES ('69', '24', '15', '19', '0', '6', '2014-04-14 12:59:02', '2014-04-14 12:59:02', '065e3bab-b09c-44aa-acbc-e41ed6584e8d');
INSERT INTO `craft_fieldlayoutfields` (`id`, `layoutId`, `tabId`, `fieldId`, `required`, `sortOrder`, `dateCreated`, `dateUpdated`, `uid`) VALUES ('70', '24', '15', '21', '0', '7', '2014-04-14 12:59:02', '2014-04-14 12:59:02', '84913b54-ffa7-49b5-a13c-1ded1370a06c');
INSERT INTO `craft_fieldlayoutfields` (`id`, `layoutId`, `tabId`, `fieldId`, `required`, `sortOrder`, `dateCreated`, `dateUpdated`, `uid`) VALUES ('72', '26', '17', '11', '0', '1', '2014-04-14 13:05:20', '2014-04-14 13:05:20', '25f33449-b4ae-42be-889d-ed53933d03ab');
INSERT INTO `craft_fieldlayoutfields` (`id`, `layoutId`, `tabId`, `fieldId`, `required`, `sortOrder`, `dateCreated`, `dateUpdated`, `uid`) VALUES ('84', '28', '19', '4', '0', '1', '2014-04-15 00:31:15', '2014-04-15 00:31:15', '28f791bb-20dc-48c6-bbe8-0d8635dbc50c');
INSERT INTO `craft_fieldlayoutfields` (`id`, `layoutId`, `tabId`, `fieldId`, `required`, `sortOrder`, `dateCreated`, `dateUpdated`, `uid`) VALUES ('85', '28', '19', '15', '0', '2', '2014-04-15 00:31:15', '2014-04-15 00:31:15', '795ff935-a114-4e3a-b80b-7ba1cf48a7b2');
INSERT INTO `craft_fieldlayoutfields` (`id`, `layoutId`, `tabId`, `fieldId`, `required`, `sortOrder`, `dateCreated`, `dateUpdated`, `uid`) VALUES ('86', '28', '19', '5', '0', '3', '2014-04-15 00:31:15', '2014-04-15 00:31:15', '785c507b-2f1d-4e9a-abbd-8ce51b0ea3db');
INSERT INTO `craft_fieldlayoutfields` (`id`, `layoutId`, `tabId`, `fieldId`, `required`, `sortOrder`, `dateCreated`, `dateUpdated`, `uid`) VALUES ('87', '28', '19', '8', '0', '4', '2014-04-15 00:31:15', '2014-04-15 00:31:15', '7b5c56b0-59e4-4bf9-a87c-2dd3a184d9ef');
INSERT INTO `craft_fieldlayoutfields` (`id`, `layoutId`, `tabId`, `fieldId`, `required`, `sortOrder`, `dateCreated`, `dateUpdated`, `uid`) VALUES ('88', '28', '19', '10', '0', '5', '2014-04-15 00:31:15', '2014-04-15 00:31:15', '4c088664-99d4-4085-b638-f4d169a7d96e');
INSERT INTO `craft_fieldlayoutfields` (`id`, `layoutId`, `tabId`, `fieldId`, `required`, `sortOrder`, `dateCreated`, `dateUpdated`, `uid`) VALUES ('89', '28', '19', '9', '0', '6', '2014-04-15 00:31:15', '2014-04-15 00:31:15', '6f3afdc6-de8b-4b4b-99de-c6d87cf637df');
INSERT INTO `craft_fieldlayoutfields` (`id`, `layoutId`, `tabId`, `fieldId`, `required`, `sortOrder`, `dateCreated`, `dateUpdated`, `uid`) VALUES ('90', '28', '19', '6', '0', '7', '2014-04-15 00:31:15', '2014-04-15 00:31:15', '5b5b4269-8dbd-4e20-af17-192dafdc5f74');
INSERT INTO `craft_fieldlayoutfields` (`id`, `layoutId`, `tabId`, `fieldId`, `required`, `sortOrder`, `dateCreated`, `dateUpdated`, `uid`) VALUES ('91', '28', '19', '7', '0', '8', '2014-04-15 00:31:15', '2014-04-15 00:31:15', '12cf9ffb-f0d7-4b07-9d7b-4989473083b5');
INSERT INTO `craft_fieldlayoutfields` (`id`, `layoutId`, `tabId`, `fieldId`, `required`, `sortOrder`, `dateCreated`, `dateUpdated`, `uid`) VALUES ('92', '28', '19', '22', '0', '9', '2014-04-15 00:31:15', '2014-04-15 00:31:15', 'b9a08460-774f-4ce2-88b8-fe5961717b84');



--
-- Schema for table `craft_fieldlayouts`
--

DROP TABLE IF EXISTS `craft_fieldlayouts`;

CREATE TABLE `craft_fieldlayouts` (
  `id` int(11) NOT NULL AUTO_INCREMENT,
  `type` varchar(150) COLLATE utf8_unicode_ci NOT NULL,
  `dateCreated` datetime NOT NULL,
  `dateUpdated` datetime NOT NULL,
  `uid` char(36) COLLATE utf8_unicode_ci NOT NULL DEFAULT '0',
  PRIMARY KEY (`id`),
  KEY `craft_fieldlayouts_type_idx` (`type`)
) ENGINE=InnoDB AUTO_INCREMENT=29 DEFAULT CHARSET=utf8 COLLATE=utf8_unicode_ci;

--
-- Data for table `craft_fieldlayouts`
--

INSERT INTO `craft_fieldlayouts` (`id`, `type`, `dateCreated`, `dateUpdated`, `uid`) VALUES ('1', 'Tag', '2014-03-03 00:54:36', '2014-03-03 00:54:36', 'e9419a29-6c73-44b9-a23b-613b278a2f06');
INSERT INTO `craft_fieldlayouts` (`id`, `type`, `dateCreated`, `dateUpdated`, `uid`) VALUES ('8', 'MatrixBlock', '2014-03-09 15:47:46', '2014-03-09 15:47:46', '0587d4c4-d08a-4df2-810c-b904a4ac091e');
INSERT INTO `craft_fieldlayouts` (`id`, `type`, `dateCreated`, `dateUpdated`, `uid`) VALUES ('11', 'Entry', '2014-03-21 13:24:33', '2014-03-21 13:24:33', '021d5a39-249a-41c5-8627-7b995afeac51');
INSERT INTO `craft_fieldlayouts` (`id`, `type`, `dateCreated`, `dateUpdated`, `uid`) VALUES ('14', 'Entry', '2014-03-24 13:17:53', '2014-03-24 13:17:53', 'f507d74f-83df-4958-bb4c-072ed7ac0688');
INSERT INTO `craft_fieldlayouts` (`id`, `type`, `dateCreated`, `dateUpdated`, `uid`) VALUES ('24', 'Entry', '2014-04-14 12:59:02', '2014-04-14 12:59:02', '6a29b062-334f-4614-a7b2-e4dea3804df9');
INSERT INTO `craft_fieldlayouts` (`id`, `type`, `dateCreated`, `dateUpdated`, `uid`) VALUES ('26', 'Entry', '2014-04-14 13:05:20', '2014-04-14 13:05:20', 'b8892aa9-de1e-4e00-acd5-b05ef3a332e6');
INSERT INTO `craft_fieldlayouts` (`id`, `type`, `dateCreated`, `dateUpdated`, `uid`) VALUES ('28', 'Entry', '2014-04-15 00:31:15', '2014-04-15 00:31:15', 'c2bf7d58-dea8-4915-adc4-996498fac443');



--
-- Schema for table `craft_fieldlayouttabs`
--

DROP TABLE IF EXISTS `craft_fieldlayouttabs`;

CREATE TABLE `craft_fieldlayouttabs` (
  `id` int(11) NOT NULL AUTO_INCREMENT,
  `layoutId` int(11) NOT NULL,
  `name` varchar(255) COLLATE utf8_unicode_ci NOT NULL,
  `sortOrder` tinyint(4) DEFAULT NULL,
  `dateCreated` datetime NOT NULL,
  `dateUpdated` datetime NOT NULL,
  `uid` char(36) COLLATE utf8_unicode_ci NOT NULL DEFAULT '0',
  PRIMARY KEY (`id`),
  KEY `craft_fieldlayouttabs_sortOrder_idx` (`sortOrder`),
  KEY `craft_fieldlayouttabs_layoutId_fk` (`layoutId`)
) ENGINE=InnoDB AUTO_INCREMENT=20 DEFAULT CHARSET=utf8 COLLATE=utf8_unicode_ci;

--
-- Data for table `craft_fieldlayouttabs`
--

INSERT INTO `craft_fieldlayouttabs` (`id`, `layoutId`, `name`, `sortOrder`, `dateCreated`, `dateUpdated`, `uid`) VALUES ('8', '14', 'Tab 1', '1', '2014-03-24 13:17:53', '2014-03-24 13:17:53', '388ebbca-4019-4944-8f97-6a7082ffdf60');
INSERT INTO `craft_fieldlayouttabs` (`id`, `layoutId`, `name`, `sortOrder`, `dateCreated`, `dateUpdated`, `uid`) VALUES ('15', '24', 'Content', '1', '2014-04-14 12:59:02', '2014-04-14 12:59:02', '4c55ad16-1bc7-4068-a00e-68189fed2f3c');
INSERT INTO `craft_fieldlayouttabs` (`id`, `layoutId`, `name`, `sortOrder`, `dateCreated`, `dateUpdated`, `uid`) VALUES ('17', '26', 'Tab 1', '1', '2014-04-14 13:05:20', '2014-04-14 13:05:20', '9ce21b13-7759-439a-bd54-77ae0ea075bc');
INSERT INTO `craft_fieldlayouttabs` (`id`, `layoutId`, `name`, `sortOrder`, `dateCreated`, `dateUpdated`, `uid`) VALUES ('19', '28', 'Content', '1', '2014-04-15 00:31:15', '2014-04-15 00:31:15', '42cc8951-a48d-4866-bf91-bb094b962e47');



--
-- Schema for table `craft_fields`
--

DROP TABLE IF EXISTS `craft_fields`;

CREATE TABLE `craft_fields` (
  `id` int(11) NOT NULL AUTO_INCREMENT,
  `groupId` int(11) DEFAULT NULL,
  `name` varchar(255) COLLATE utf8_unicode_ci NOT NULL,
  `handle` varchar(58) COLLATE utf8_unicode_ci NOT NULL,
  `context` varchar(255) COLLATE utf8_unicode_ci NOT NULL DEFAULT 'global',
  `instructions` text COLLATE utf8_unicode_ci,
  `translatable` tinyint(1) unsigned NOT NULL DEFAULT '0',
  `type` varchar(150) COLLATE utf8_unicode_ci NOT NULL,
  `settings` text COLLATE utf8_unicode_ci,
  `dateCreated` datetime NOT NULL,
  `dateUpdated` datetime NOT NULL,
  `uid` char(36) COLLATE utf8_unicode_ci NOT NULL DEFAULT '0',
  PRIMARY KEY (`id`),
  UNIQUE KEY `craft_fields_handle_context_unq_idx` (`handle`,`context`),
  KEY `craft_fields_groupId_fk` (`groupId`),
  KEY `craft_fields_context_idx` (`context`)
) ENGINE=InnoDB AUTO_INCREMENT=23 DEFAULT CHARSET=utf8 COLLATE=utf8_unicode_ci;

--
-- Data for table `craft_fields`
--

INSERT INTO `craft_fields` (`id`, `groupId`, `name`, `handle`, `context`, `instructions`, `translatable`, `type`, `settings`, `dateCreated`, `dateUpdated`, `uid`) VALUES ('1', '1', 'Heading', 'heading', 'global', NULL, '1', 'PlainText', NULL, '2014-03-03 00:54:36', '2014-03-03 00:54:36', '74097269-e089-4b27-b3c2-bed7fd787f3a');
INSERT INTO `craft_fields` (`id`, `groupId`, `name`, `handle`, `context`, `instructions`, `translatable`, `type`, `settings`, `dateCreated`, `dateUpdated`, `uid`) VALUES ('2', '1', 'Body', 'body', 'global', NULL, '1', 'RichText', '{\"configFile\":\"Standard.json\"}', '2014-03-03 00:54:37', '2014-03-03 00:54:37', '5f74589b-09c9-4412-b89f-88102720c378');
INSERT INTO `craft_fields` (`id`, `groupId`, `name`, `handle`, `context`, `instructions`, `translatable`, `type`, `settings`, `dateCreated`, `dateUpdated`, `uid`) VALUES ('3', '1', 'Tags', 'tags', 'global', NULL, '0', 'Tags', '{\"source\":\"taggroup:1\"}', '2014-03-03 00:54:37', '2014-06-03 13:36:04', '257027e2-53df-42a3-854d-ad67df992673');
INSERT INTO `craft_fields` (`id`, `groupId`, `name`, `handle`, `context`, `instructions`, `translatable`, `type`, `settings`, `dateCreated`, `dateUpdated`, `uid`) VALUES ('4', '2', 'SoundCloud ID', 'soundcloudId', 'global', '', '0', 'PlainText', '{\"placeholder\":\"\",\"maxLength\":\"20\",\"multiline\":\"\",\"initialRows\":\"4\"}', '2014-03-09 15:42:20', '2014-07-08 12:36:16', '904c5800-4285-45c8-88aa-abed797ddbbb');
INSERT INTO `craft_fields` (`id`, `groupId`, `name`, `handle`, `context`, `instructions`, `translatable`, `type`, `settings`, `dateCreated`, `dateUpdated`, `uid`) VALUES ('5', '2', 'Lyrics', 'lyrics', 'global', '', '0', 'RichText', '{\"configFile\":\"Simple.json\",\"cleanupHtml\":\"1\"}', '2014-03-09 15:42:55', '2014-03-09 15:42:55', '50be91a3-c0f5-4c60-bc35-d1f4dda6b427');
INSERT INTO `craft_fields` (`id`, `groupId`, `name`, `handle`, `context`, `instructions`, `translatable`, `type`, `settings`, `dateCreated`, `dateUpdated`, `uid`) VALUES ('6', '2', 'Song Notes', 'songNotes', 'global', '', '0', 'RichText', '{\"configFile\":\"Standard.json\",\"cleanupHtml\":\"1\"}', '2014-03-09 15:43:22', '2014-03-09 15:43:22', '2a130257-555d-4d98-a324-994c862782bc');
INSERT INTO `craft_fields` (`id`, `groupId`, `name`, `handle`, `context`, `instructions`, `translatable`, `type`, `settings`, `dateCreated`, `dateUpdated`, `uid`) VALUES ('7', '2', 'Copyright', 'copyright', 'global', '', '0', 'PlainText', '{\"placeholder\":\"\",\"maxLength\":\"\",\"multiline\":\"\",\"initialRows\":\"4\"}', '2014-03-09 15:43:43', '2014-03-09 15:43:43', '15b48867-7c32-4580-9d39-09231cd69563');
INSERT INTO `craft_fields` (`id`, `groupId`, `name`, `handle`, `context`, `instructions`, `translatable`, `type`, `settings`, `dateCreated`, `dateUpdated`, `uid`) VALUES ('8', '2', 'Co-Writers', 'coWriters', 'global', '', '0', 'PlainText', '{\"placeholder\":\"\",\"maxLength\":\"\",\"multiline\":\"\",\"initialRows\":\"4\"}', '2014-03-09 15:43:58', '2014-03-09 15:43:58', '746f6bc4-248a-4502-b9cd-8caf5f75b4a7');
INSERT INTO `craft_fields` (`id`, `groupId`, `name`, `handle`, `context`, `instructions`, `translatable`, `type`, `settings`, `dateCreated`, `dateUpdated`, `uid`) VALUES ('9', '2', 'Tags', 'songTags', 'global', '', '0', 'Tags', '{\"source\":\"taggroup:1\"}', '2014-03-09 15:44:39', '2014-06-03 13:36:04', 'bc8e16ae-97cb-450e-88cb-a1b9568aebc7');
INSERT INTO `craft_fields` (`id`, `groupId`, `name`, `handle`, `context`, `instructions`, `translatable`, `type`, `settings`, `dateCreated`, `dateUpdated`, `uid`) VALUES ('10', '2', 'Date Written', 'songDate', 'global', '', '0', 'Date', '{\"showTime\":\"\"}', '2014-03-09 15:45:11', '2014-04-12 15:15:28', '35b98ea6-92fc-460d-910f-a9a4d1a70d8a');
INSERT INTO `craft_fields` (`id`, `groupId`, `name`, `handle`, `context`, `instructions`, `translatable`, `type`, `settings`, `dateCreated`, `dateUpdated`, `uid`) VALUES ('11', '2', 'Release', 'albumRelease', 'global', 'Paste bandcamp embed using the <> code field', '0', 'PlainText', '{\"placeholder\":\"\",\"maxLength\":\"\",\"multiline\":\"\",\"initialRows\":\"4\"}', '2014-03-09 15:47:45', '2014-06-21 15:25:07', '8980db83-6992-4924-89c0-cb97c4dba69f');
INSERT INTO `craft_fields` (`id`, `groupId`, `name`, `handle`, `context`, `instructions`, `translatable`, `type`, `settings`, `dateCreated`, `dateUpdated`, `uid`) VALUES ('12', NULL, 'Cover', 'releaseCover', 'matrixBlockType:1', NULL, '0', 'Assets', '{\"limit\":\"1\"}', '2014-03-09 15:47:46', '2014-06-03 13:36:04', 'a702eeb6-921c-4b85-986f-5a5b46cf7e53');
INSERT INTO `craft_fields` (`id`, `groupId`, `name`, `handle`, `context`, `instructions`, `translatable`, `type`, `settings`, `dateCreated`, `dateUpdated`, `uid`) VALUES ('13', NULL, 'Title', 'releaseTitle', 'matrixBlockType:1', NULL, '0', 'PlainText', '{\"placeholder\":\"\",\"maxLength\":\"\",\"multiline\":\"\",\"initialRows\":\"4\"}', '2014-03-09 15:47:46', '2014-03-09 15:47:46', '1c1cc838-9fad-4368-a625-0dc30435674c');
INSERT INTO `craft_fields` (`id`, `groupId`, `name`, `handle`, `context`, `instructions`, `translatable`, `type`, `settings`, `dateCreated`, `dateUpdated`, `uid`) VALUES ('14', NULL, 'Link', 'releaseLink', 'matrixBlockType:1', NULL, '0', 'PlainText', '{\"placeholder\":\"http:\\/\\/link.com\",\"maxLength\":\"\",\"multiline\":\"\",\"initialRows\":\"4\"}', '2014-03-09 15:47:46', '2014-03-09 15:47:46', '7a2b1e44-9abb-44bc-aac4-27c8881a2018');
INSERT INTO `craft_fields` (`id`, `groupId`, `name`, `handle`, `context`, `instructions`, `translatable`, `type`, `settings`, `dateCreated`, `dateUpdated`, `uid`) VALUES ('15', '2', 'MP3 Download', 'mp3Download', 'global', '', '0', 'Assets', '{\"sources\":[\"folder:1\"],\"limit\":\"1\"}', '2014-03-09 19:33:21', '2014-06-03 13:36:04', '7e255777-53fa-4a87-8723-8ff306e526e5');
INSERT INTO `craft_fields` (`id`, `groupId`, `name`, `handle`, `context`, `instructions`, `translatable`, `type`, `settings`, `dateCreated`, `dateUpdated`, `uid`) VALUES ('16', '3', 'Songs', 'playlistSongs', 'global', '', '0', 'Entries', '{\"sources\":[\"section:2\"],\"limit\":\"\"}', '2014-03-24 13:17:07', '2014-06-03 13:36:04', '3194f5a2-7b39-489a-a4f3-99bf8e120549');
INSERT INTO `craft_fields` (`id`, `groupId`, `name`, `handle`, `context`, `instructions`, `translatable`, `type`, `settings`, `dateCreated`, `dateUpdated`, `uid`) VALUES ('17', '4', 'Intro Text', 'homepage_intro', 'global', '', '0', 'RichText', '{\"configFile\":\"Simple.json\",\"cleanupHtml\":\"1\"}', '2014-03-24 13:32:18', '2014-03-24 13:36:04', '5e005953-dfd7-41d8-ac3b-b1f172fe2fb4');
INSERT INTO `craft_fields` (`id`, `groupId`, `name`, `handle`, `context`, `instructions`, `translatable`, `type`, `settings`, `dateCreated`, `dateUpdated`, `uid`) VALUES ('18', '4', 'Facebook', 'facebook', 'global', '', '0', 'PlainText', '{\"placeholder\":\"http:\\/\\/facebook.com\",\"maxLength\":\"\",\"multiline\":\"\",\"initialRows\":\"4\"}', '2014-03-24 13:33:07', '2014-03-25 02:13:26', 'c248cdd6-d251-4d75-b360-01162df4b2fb');
INSERT INTO `craft_fields` (`id`, `groupId`, `name`, `handle`, `context`, `instructions`, `translatable`, `type`, `settings`, `dateCreated`, `dateUpdated`, `uid`) VALUES ('19', '4', 'Twitter', 'twitter', 'global', '', '0', 'PlainText', '{\"placeholder\":\"http:\\/\\/twitter.com\",\"maxLength\":\"\",\"multiline\":\"\",\"initialRows\":\"4\"}', '2014-03-24 13:33:41', '2014-03-25 02:13:33', '2b6c6f33-90c6-4c37-abc3-ccd988083506');
INSERT INTO `craft_fields` (`id`, `groupId`, `name`, `handle`, `context`, `instructions`, `translatable`, `type`, `settings`, `dateCreated`, `dateUpdated`, `uid`) VALUES ('20', '2', 'Releases', 'songReleases', 'global', '', '0', 'Entries', '{\"sources\":[\"section:5\"],\"limit\":\"\"}', '2014-04-12 15:26:04', '2014-06-03 13:36:04', '3a5ee9fe-f8db-4169-b7f7-8693d8cb7382');
INSERT INTO `craft_fields` (`id`, `groupId`, `name`, `handle`, `context`, `instructions`, `translatable`, `type`, `settings`, `dateCreated`, `dateUpdated`, `uid`) VALUES ('21', '4', 'Instagram', 'instagram', 'global', '', '0', 'PlainText', '{\"placeholder\":\"\",\"maxLength\":\"\",\"multiline\":\"\",\"initialRows\":\"4\"}', '2014-04-14 12:49:02', '2014-04-14 12:49:02', '02f90f32-0762-49b5-8299-494ce9f63c51');
INSERT INTO `craft_fields` (`id`, `groupId`, `name`, `handle`, `context`, `instructions`, `translatable`, `type`, `settings`, `dateCreated`, `dateUpdated`, `uid`) VALUES ('22', '4', 'Release List', 'releaseList', 'global', '', '0', 'Entries', '{\"sources\":[\"section:5\"],\"limit\":\"\"}', '2014-04-14 12:56:38', '2014-06-03 13:36:04', '79d37a9b-155a-4282-a763-44cee0a13b1a');



--
-- Schema for table `craft_globalsets`
--

DROP TABLE IF EXISTS `craft_globalsets`;

CREATE TABLE `craft_globalsets` (
  `id` int(11) NOT NULL,
  `name` varchar(255) COLLATE utf8_unicode_ci NOT NULL,
  `handle` varchar(255) COLLATE utf8_unicode_ci NOT NULL,
  `fieldLayoutId` int(10) DEFAULT NULL,
  `dateCreated` datetime NOT NULL,
  `dateUpdated` datetime NOT NULL,
  `uid` char(36) COLLATE utf8_unicode_ci NOT NULL DEFAULT '0',
  PRIMARY KEY (`id`),
  UNIQUE KEY `craft_globalsets_name_unq_idx` (`name`),
  UNIQUE KEY `craft_globalsets_handle_unq_idx` (`handle`),
  KEY `craft_globalsets_fieldLayoutId_fk` (`fieldLayoutId`)
) ENGINE=InnoDB DEFAULT CHARSET=utf8 COLLATE=utf8_unicode_ci;

--
-- Schema for table `craft_info`
--

DROP TABLE IF EXISTS `craft_info`;

CREATE TABLE `craft_info` (
  `id` int(11) NOT NULL AUTO_INCREMENT,
  `version` varchar(15) COLLATE utf8_unicode_ci NOT NULL,
  `build` int(11) unsigned NOT NULL,
  `schemaVersion` varchar(15) COLLATE utf8_unicode_ci NOT NULL,
  `releaseDate` datetime NOT NULL,
  `edition` tinyint(1) unsigned NOT NULL DEFAULT '0',
  `siteName` varchar(100) COLLATE utf8_unicode_ci NOT NULL,
  `siteUrl` varchar(255) COLLATE utf8_unicode_ci NOT NULL,
  `timezone` varchar(30) COLLATE utf8_unicode_ci DEFAULT NULL,
  `on` tinyint(1) unsigned NOT NULL DEFAULT '0',
  `maintenance` tinyint(1) unsigned NOT NULL DEFAULT '0',
  `track` varchar(40) COLLATE utf8_unicode_ci NOT NULL,
  `dateCreated` datetime NOT NULL,
  `dateUpdated` datetime NOT NULL,
  `uid` char(36) COLLATE utf8_unicode_ci NOT NULL DEFAULT '0',
  PRIMARY KEY (`id`)
) ENGINE=InnoDB AUTO_INCREMENT=2 DEFAULT CHARSET=utf8 COLLATE=utf8_unicode_ci;

--
-- Data for table `craft_info`
--

INSERT INTO `craft_info` (`id`, `version`, `build`, `schemaVersion`, `releaseDate`, `edition`, `siteName`, `siteUrl`, `timezone`, `on`, `maintenance`, `track`, `dateCreated`, `dateUpdated`, `uid`) VALUES ('1', '2.1', '2559', '2.1.0', '2014-06-09 19:23:11', '1', 'Clay Fain', 'http://clayfain.dev', 'UTC', '1', '1', 'stable', '2014-03-03 00:54:30', '2014-07-27 15:25:56', 'bc11e2e8-a42f-4b0c-96f5-b9dd643698c0');



--
-- Schema for table `craft_locales`
--

DROP TABLE IF EXISTS `craft_locales`;

CREATE TABLE `craft_locales` (
  `locale` char(12) COLLATE utf8_unicode_ci NOT NULL,
  `sortOrder` tinyint(4) DEFAULT NULL,
  `dateCreated` datetime NOT NULL,
  `dateUpdated` datetime NOT NULL,
  `uid` char(36) COLLATE utf8_unicode_ci NOT NULL DEFAULT '0',
  PRIMARY KEY (`locale`),
  KEY `craft_locales_sortOrder_idx` (`sortOrder`)
) ENGINE=InnoDB DEFAULT CHARSET=utf8 COLLATE=utf8_unicode_ci;

--
-- Data for table `craft_locales`
--

INSERT INTO `craft_locales` (`locale`, `sortOrder`, `dateCreated`, `dateUpdated`, `uid`) VALUES ('en_us', '1', '2014-03-03 00:54:31', '2014-03-03 00:54:31', '7d2cc8e0-d277-4d37-b4be-095d2937ba38');



--
-- Schema for table `craft_matrixblocks`
--

DROP TABLE IF EXISTS `craft_matrixblocks`;

CREATE TABLE `craft_matrixblocks` (
  `id` int(11) NOT NULL,
  `ownerId` int(11) NOT NULL,
  `ownerLocale` char(12) COLLATE utf8_unicode_ci DEFAULT NULL,
  `fieldId` int(11) NOT NULL,
  `typeId` int(11) DEFAULT NULL,
  `sortOrder` tinyint(4) DEFAULT NULL,
  `dateCreated` datetime NOT NULL,
  `dateUpdated` datetime NOT NULL,
  `uid` char(36) COLLATE utf8_unicode_ci NOT NULL DEFAULT '0',
  PRIMARY KEY (`id`),
  KEY `craft_matrixblocks_ownerId_idx` (`ownerId`),
  KEY `craft_matrixblocks_fieldId_idx` (`fieldId`),
  KEY `craft_matrixblocks_typeId_idx` (`typeId`),
  KEY `craft_matrixblocks_sortOrder_idx` (`sortOrder`),
  KEY `craft_matrixblocks_ownerLocale_fk` (`ownerLocale`)
) ENGINE=InnoDB DEFAULT CHARSET=utf8 COLLATE=utf8_unicode_ci;

--
-- Schema for table `craft_matrixblocktypes`
--

DROP TABLE IF EXISTS `craft_matrixblocktypes`;

CREATE TABLE `craft_matrixblocktypes` (
  `id` int(11) NOT NULL AUTO_INCREMENT,
  `fieldId` int(11) NOT NULL,
  `fieldLayoutId` int(11) DEFAULT NULL,
  `name` varchar(255) COLLATE utf8_unicode_ci NOT NULL,
  `handle` varchar(255) COLLATE utf8_unicode_ci NOT NULL,
  `sortOrder` tinyint(4) DEFAULT NULL,
  `dateCreated` datetime NOT NULL,
  `dateUpdated` datetime NOT NULL,
  `uid` char(36) COLLATE utf8_unicode_ci NOT NULL DEFAULT '0',
  PRIMARY KEY (`id`),
  UNIQUE KEY `craft_matrixblocktypes_name_fieldId_unq_idx` (`name`,`fieldId`),
  UNIQUE KEY `craft_matrixblocktypes_handle_fieldId_unq_idx` (`handle`,`fieldId`),
  KEY `craft_matrixblocktypes_fieldId_fk` (`fieldId`),
  KEY `craft_matrixblocktypes_fieldLayoutId_fk` (`fieldLayoutId`)
) ENGINE=InnoDB AUTO_INCREMENT=2 DEFAULT CHARSET=utf8 COLLATE=utf8_unicode_ci;

--
-- Data for table `craft_matrixblocktypes`
--

INSERT INTO `craft_matrixblocktypes` (`id`, `fieldId`, `fieldLayoutId`, `name`, `handle`, `sortOrder`, `dateCreated`, `dateUpdated`, `uid`) VALUES ('1', '11', '8', 'Release', 'release', '1', '2014-03-09 15:47:46', '2014-03-09 15:47:46', 'b54afd8c-69c1-4476-b900-f0fae448c0f2');



--
-- Schema for table `craft_matrixcontent_releases`
--

DROP TABLE IF EXISTS `craft_matrixcontent_releases`;

CREATE TABLE `craft_matrixcontent_releases` (
  `id` int(11) NOT NULL AUTO_INCREMENT,
  `elementId` int(11) NOT NULL,
  `locale` char(12) COLLATE utf8_unicode_ci NOT NULL,
  `field_release_releaseTitle` text COLLATE utf8_unicode_ci,
  `field_release_releaseLink` text COLLATE utf8_unicode_ci,
  `dateCreated` datetime NOT NULL,
  `dateUpdated` datetime NOT NULL,
  `uid` char(36) COLLATE utf8_unicode_ci NOT NULL DEFAULT '0',
  PRIMARY KEY (`id`),
  UNIQUE KEY `craft_matrixcontent_releases_elementId_locale_unq_idx` (`elementId`,`locale`),
  KEY `craft_matrixcontent_releases_locale_fk` (`locale`)
) ENGINE=InnoDB DEFAULT CHARSET=utf8 COLLATE=utf8_unicode_ci;

--
-- Schema for table `craft_migrations`
--

DROP TABLE IF EXISTS `craft_migrations`;

CREATE TABLE `craft_migrations` (
  `id` int(11) NOT NULL AUTO_INCREMENT,
  `pluginId` int(11) DEFAULT NULL,
  `version` varchar(255) COLLATE utf8_unicode_ci NOT NULL,
  `applyTime` datetime NOT NULL,
  `dateCreated` datetime NOT NULL,
  `dateUpdated` datetime NOT NULL,
  `uid` char(36) COLLATE utf8_unicode_ci NOT NULL DEFAULT '0',
  PRIMARY KEY (`id`),
  UNIQUE KEY `craft_migrations_version_unq_idx` (`version`),
  KEY `craft_migrations_pluginId_fk` (`pluginId`)
) ENGINE=InnoDB AUTO_INCREMENT=44 DEFAULT CHARSET=utf8 COLLATE=utf8_unicode_ci;

--
-- Data for table `craft_migrations`
--

INSERT INTO `craft_migrations` (`id`, `pluginId`, `version`, `applyTime`, `dateCreated`, `dateUpdated`, `uid`) VALUES ('1', NULL, 'm000000_000000_base', '2014-03-03 00:54:31', '2014-03-03 00:54:31', '2014-03-03 00:54:31', '937673aa-e3df-42d1-9182-893567262bb3');
INSERT INTO `craft_migrations` (`id`, `pluginId`, `version`, `applyTime`, `dateCreated`, `dateUpdated`, `uid`) VALUES ('2', NULL, 'm131212_000001_add_missing_fk_to_emailmessages', '2014-03-03 00:54:31', '2014-03-03 00:54:31', '2014-03-03 00:54:31', '2da27214-2bc4-46a1-b45b-09f1de3676a8');
INSERT INTO `craft_migrations` (`id`, `pluginId`, `version`, `applyTime`, `dateCreated`, `dateUpdated`, `uid`) VALUES ('3', NULL, 'm140123_000000_update_widget_sort_orders', '2014-03-03 00:54:31', '2014-03-03 00:54:31', '2014-03-03 00:54:31', '1a1ccd63-a01c-4293-8695-1440034cf318');
INSERT INTO `craft_migrations` (`id`, `pluginId`, `version`, `applyTime`, `dateCreated`, `dateUpdated`, `uid`) VALUES ('4', NULL, 'm140212_000000_clean_up_structures', '2014-03-03 00:54:31', '2014-03-03 00:54:31', '2014-03-03 00:54:31', '743c41f3-742f-47ed-9d39-6e535728952a');
INSERT INTO `craft_migrations` (`id`, `pluginId`, `version`, `applyTime`, `dateCreated`, `dateUpdated`, `uid`) VALUES ('5', NULL, 'm140223_000000_add_missing_element_rows', '2014-03-03 00:54:31', '2014-03-03 00:54:31', '2014-03-03 00:54:31', '53f072b0-94ed-438e-9c90-3696e481fe7d');
INSERT INTO `craft_migrations` (`id`, `pluginId`, `version`, `applyTime`, `dateCreated`, `dateUpdated`, `uid`) VALUES ('6', NULL, 'm131203_000000_allow_orphan_assets', '2014-06-03 13:35:56', '2014-06-03 13:35:56', '2014-06-03 13:35:56', '356ea1b3-96e9-4a8b-8b5d-13c4519db627');
INSERT INTO `craft_migrations` (`id`, `pluginId`, `version`, `applyTime`, `dateCreated`, `dateUpdated`, `uid`) VALUES ('7', NULL, 'm140217_000000_add_missing_indexes', '2014-06-03 13:35:56', '2014-06-03 13:35:56', '2014-06-03 13:35:56', 'c0e4bac7-0f82-4476-89a9-c9422595902e');
INSERT INTO `craft_migrations` (`id`, `pluginId`, `version`, `applyTime`, `dateCreated`, `dateUpdated`, `uid`) VALUES ('8', NULL, 'm140325_000000_fix_matrix_settings', '2014-06-03 13:35:56', '2014-06-03 13:35:56', '2014-06-03 13:35:56', '64bc969b-6af4-4c82-9d81-d3da7aa64821');
INSERT INTO `craft_migrations` (`id`, `pluginId`, `version`, `applyTime`, `dateCreated`, `dateUpdated`, `uid`) VALUES ('9', NULL, 'm140401_000000_assignUserPermissions_permission', '2014-06-03 13:35:56', '2014-06-03 13:35:56', '2014-06-03 13:35:56', '4df0de59-2655-4120-b0c7-37e87a99a169');
INSERT INTO `craft_migrations` (`id`, `pluginId`, `version`, `applyTime`, `dateCreated`, `dateUpdated`, `uid`) VALUES ('10', NULL, 'm140401_000000_delete_the_deleted_files', '2014-06-03 13:35:56', '2014-06-03 13:35:56', '2014-06-03 13:35:56', '03c56692-be0e-43b0-994e-3275a38e2443');
INSERT INTO `craft_migrations` (`id`, `pluginId`, `version`, `applyTime`, `dateCreated`, `dateUpdated`, `uid`) VALUES ('11', NULL, 'm140401_000001_structures', '2014-06-03 13:35:59', '2014-06-03 13:35:59', '2014-06-03 13:35:59', '943b550b-dc62-4ade-b5ca-80e49e5737aa');
INSERT INTO `craft_migrations` (`id`, `pluginId`, `version`, `applyTime`, `dateCreated`, `dateUpdated`, `uid`) VALUES ('12', NULL, 'm140401_000002_elements_i18n_tweaks', '2014-06-03 13:36:00', '2014-06-03 13:36:00', '2014-06-03 13:36:00', '6982e5e4-eeda-46af-afc5-c818c4235259');
INSERT INTO `craft_migrations` (`id`, `pluginId`, `version`, `applyTime`, `dateCreated`, `dateUpdated`, `uid`) VALUES ('13', NULL, 'm140401_000003_tag_groups', '2014-06-03 13:36:03', '2014-06-03 13:36:03', '2014-06-03 13:36:03', 'a37be95a-de8b-4250-944e-0927bafd2f1a');
INSERT INTO `craft_migrations` (`id`, `pluginId`, `version`, `applyTime`, `dateCreated`, `dateUpdated`, `uid`) VALUES ('14', NULL, 'm140401_000004_add_unverifiedemail_column_to_users', '2014-06-03 13:36:03', '2014-06-03 13:36:03', '2014-06-03 13:36:03', '62bae85f-1199-4a4d-8dc3-8dd3775aadf1');
INSERT INTO `craft_migrations` (`id`, `pluginId`, `version`, `applyTime`, `dateCreated`, `dateUpdated`, `uid`) VALUES ('15', NULL, 'm140401_000005_translatable_matrix_fields', '2014-06-03 13:36:04', '2014-06-03 13:36:04', '2014-06-03 13:36:04', 'b84575cc-b1f6-475d-a4e7-a16e81f78bf2');
INSERT INTO `craft_migrations` (`id`, `pluginId`, `version`, `applyTime`, `dateCreated`, `dateUpdated`, `uid`) VALUES ('16', NULL, 'm140401_000006_translatable_relation_fields', '2014-06-03 13:36:04', '2014-06-03 13:36:04', '2014-06-03 13:36:04', 'dd70ab20-05a7-4d1d-941c-d93569a846a1');
INSERT INTO `craft_migrations` (`id`, `pluginId`, `version`, `applyTime`, `dateCreated`, `dateUpdated`, `uid`) VALUES ('17', NULL, 'm140401_000007_add_enabledbydefault_column_to_sections_i18n', '2014-06-03 13:36:05', '2014-06-03 13:36:05', '2014-06-03 13:36:05', '5e517f8b-41d4-4d3b-8805-15382a97301b');
INSERT INTO `craft_migrations` (`id`, `pluginId`, `version`, `applyTime`, `dateCreated`, `dateUpdated`, `uid`) VALUES ('18', NULL, 'm140401_000008_fullpath_to_path', '2014-06-03 13:36:05', '2014-06-03 13:36:05', '2014-06-03 13:36:05', '93483603-06a1-4766-8978-f7e023e14546');
INSERT INTO `craft_migrations` (`id`, `pluginId`, `version`, `applyTime`, `dateCreated`, `dateUpdated`, `uid`) VALUES ('19', NULL, 'm140401_000009_asset_field_layouts', '2014-06-03 13:36:05', '2014-06-03 13:36:05', '2014-06-03 13:36:05', 'fdefdfde-2d96-45e9-8274-3cfbd3097fdc');
INSERT INTO `craft_migrations` (`id`, `pluginId`, `version`, `applyTime`, `dateCreated`, `dateUpdated`, `uid`) VALUES ('20', NULL, 'm140401_000010_no_section_default_author', '2014-06-03 13:36:05', '2014-06-03 13:36:05', '2014-06-03 13:36:05', 'a67fd0a0-7c68-4211-9d14-d496ac4481e5');
INSERT INTO `craft_migrations` (`id`, `pluginId`, `version`, `applyTime`, `dateCreated`, `dateUpdated`, `uid`) VALUES ('21', NULL, 'm140401_000011_categories', '2014-06-03 13:36:07', '2014-06-03 13:36:07', '2014-06-03 13:36:07', '24ea3528-b32b-481f-8a5f-a804d5872097');
INSERT INTO `craft_migrations` (`id`, `pluginId`, `version`, `applyTime`, `dateCreated`, `dateUpdated`, `uid`) VALUES ('22', NULL, 'm140401_000012_templatecaches', '2014-06-03 13:36:08', '2014-06-03 13:36:08', '2014-06-03 13:36:08', 'c8927623-9d38-4ad3-8bfa-994e193b5d91');
INSERT INTO `craft_migrations` (`id`, `pluginId`, `version`, `applyTime`, `dateCreated`, `dateUpdated`, `uid`) VALUES ('23', NULL, 'm140401_000013_allow_temp_source_transforms', '2014-06-03 13:36:08', '2014-06-03 13:36:08', '2014-06-03 13:36:08', '8896a728-aae9-4317-af53-515d48f97d18');
INSERT INTO `craft_migrations` (`id`, `pluginId`, `version`, `applyTime`, `dateCreated`, `dateUpdated`, `uid`) VALUES ('24', NULL, 'm140401_000014_entry_title_formats', '2014-06-03 13:36:09', '2014-06-03 13:36:09', '2014-06-03 13:36:09', 'da2a5162-11ab-41a2-be42-4d6c9f40371e');
INSERT INTO `craft_migrations` (`id`, `pluginId`, `version`, `applyTime`, `dateCreated`, `dateUpdated`, `uid`) VALUES ('25', NULL, 'm140401_000015_tasks', '2014-06-03 13:36:09', '2014-06-03 13:36:09', '2014-06-03 13:36:09', '87df3dc7-eb35-41ea-9ebb-4ddd77fb573f');
INSERT INTO `craft_migrations` (`id`, `pluginId`, `version`, `applyTime`, `dateCreated`, `dateUpdated`, `uid`) VALUES ('26', NULL, 'm140401_000016_varchar_classes', '2014-06-03 13:36:11', '2014-06-03 13:36:11', '2014-06-03 13:36:11', 'd968a3c7-b2af-4353-aff7-3e9ac4df3088');
INSERT INTO `craft_migrations` (`id`, `pluginId`, `version`, `applyTime`, `dateCreated`, `dateUpdated`, `uid`) VALUES ('27', NULL, 'm140401_000017_add_transform_quality', '2014-06-03 13:36:11', '2014-06-03 13:36:11', '2014-06-03 13:36:11', 'da34478b-0482-49c4-9ef7-76e92b8c5164');
INSERT INTO `craft_migrations` (`id`, `pluginId`, `version`, `applyTime`, `dateCreated`, `dateUpdated`, `uid`) VALUES ('28', NULL, 'm140401_000018_locale_routes', '2014-06-03 13:36:12', '2014-06-03 13:36:12', '2014-06-03 13:36:12', '71625330-cd76-4bd8-b94f-b3eb6de33471');
INSERT INTO `craft_migrations` (`id`, `pluginId`, `version`, `applyTime`, `dateCreated`, `dateUpdated`, `uid`) VALUES ('29', NULL, 'm140401_000019_editions', '2014-06-03 13:36:12', '2014-06-03 13:36:12', '2014-06-03 13:36:12', '90e7508f-a2be-4e1e-8752-6b9441677e95');
INSERT INTO `craft_migrations` (`id`, `pluginId`, `version`, `applyTime`, `dateCreated`, `dateUpdated`, `uid`) VALUES ('30', NULL, 'm140401_000019_rackspace_auth_api', '2014-06-03 13:36:13', '2014-06-03 13:36:13', '2014-06-03 13:36:13', '0849c147-8cbe-498c-9ccf-e232d4567760');
INSERT INTO `craft_migrations` (`id`, `pluginId`, `version`, `applyTime`, `dateCreated`, `dateUpdated`, `uid`) VALUES ('31', NULL, 'm140401_000020_deprecationerrors_table', '2014-06-03 13:36:13', '2014-06-03 13:36:13', '2014-06-03 13:36:13', '3f0a7b43-1b62-4b2b-8fd5-47dd404bf262');
INSERT INTO `craft_migrations` (`id`, `pluginId`, `version`, `applyTime`, `dateCreated`, `dateUpdated`, `uid`) VALUES ('32', NULL, 'm140401_000021_client_user', '2014-06-03 13:36:14', '2014-06-03 13:36:14', '2014-06-03 13:36:14', 'd0bd4579-094b-4d6d-9837-3d19572babd7');
INSERT INTO `craft_migrations` (`id`, `pluginId`, `version`, `applyTime`, `dateCreated`, `dateUpdated`, `uid`) VALUES ('33', NULL, 'm140401_100000_resave_elements', '2014-06-03 13:36:14', '2014-06-03 13:36:14', '2014-06-03 13:36:14', '13ca3b3e-e639-429c-98dd-4bcd3d2ac443');
INSERT INTO `craft_migrations` (`id`, `pluginId`, `version`, `applyTime`, `dateCreated`, `dateUpdated`, `uid`) VALUES ('34', NULL, 'm140401_100002_delete_compiled_templates', '2014-06-03 13:36:15', '2014-06-03 13:36:15', '2014-06-03 13:36:15', '2e69c00d-151c-4a88-999c-567c5f19d7df');
INSERT INTO `craft_migrations` (`id`, `pluginId`, `version`, `applyTime`, `dateCreated`, `dateUpdated`, `uid`) VALUES ('35', NULL, 'm140403_000000_allow_orphan_assets_again', '2014-06-03 13:36:16', '2014-06-03 13:36:16', '2014-06-03 13:36:16', '764272b0-7f66-4766-a394-74401cd16dcd');
INSERT INTO `craft_migrations` (`id`, `pluginId`, `version`, `applyTime`, `dateCreated`, `dateUpdated`, `uid`) VALUES ('36', NULL, 'm140508_000000_fix_disabled_matrix_blocks', '2014-06-03 13:36:16', '2014-06-03 13:36:16', '2014-06-03 13:36:16', '02600e3d-ca64-4caf-b7d3-fd360bcc85b2');
INSERT INTO `craft_migrations` (`id`, `pluginId`, `version`, `applyTime`, `dateCreated`, `dateUpdated`, `uid`) VALUES ('37', NULL, 'm140520_000000_add_id_column_to_templatecachecriteria', '2014-06-03 13:36:16', '2014-06-03 13:36:16', '2014-06-03 13:36:16', '6b6d70d4-8ed8-47e0-a95a-437667437524');
INSERT INTO `craft_migrations` (`id`, `pluginId`, `version`, `applyTime`, `dateCreated`, `dateUpdated`, `uid`) VALUES ('38', NULL, 'm140603_000000_draft_names', '2014-06-07 14:10:04', '2014-06-07 14:10:04', '2014-06-07 14:10:04', 'ed7ce888-fd20-41ff-aae9-ff2399b38f69');
INSERT INTO `craft_migrations` (`id`, `pluginId`, `version`, `applyTime`, `dateCreated`, `dateUpdated`, `uid`) VALUES ('39', NULL, 'm140603_000001_draft_notes', '2014-06-07 14:10:04', '2014-06-07 14:10:04', '2014-06-07 14:10:04', 'e4cf3cd8-aa2d-46df-ac95-0f157b48f042');
INSERT INTO `craft_migrations` (`id`, `pluginId`, `version`, `applyTime`, `dateCreated`, `dateUpdated`, `uid`) VALUES ('40', NULL, 'm140603_000002_version_nums', '2014-06-07 14:10:05', '2014-06-07 14:10:05', '2014-06-07 14:10:05', '834786ba-19da-4d56-8e74-fd3cec85893d');
INSERT INTO `craft_migrations` (`id`, `pluginId`, `version`, `applyTime`, `dateCreated`, `dateUpdated`, `uid`) VALUES ('41', NULL, 'm140603_000003_version_toggling', '2014-06-07 14:10:05', '2014-06-07 14:10:05', '2014-06-07 14:10:05', '4413d752-a17d-4c68-a80b-3a09eb93af95');
INSERT INTO `craft_migrations` (`id`, `pluginId`, `version`, `applyTime`, `dateCreated`, `dateUpdated`, `uid`) VALUES ('42', NULL, 'm140603_000004_tokens', '2014-06-07 14:10:06', '2014-06-07 14:10:06', '2014-06-07 14:10:06', 'c0a8420d-5ca1-4204-9179-718161fe901a');
INSERT INTO `craft_migrations` (`id`, `pluginId`, `version`, `applyTime`, `dateCreated`, `dateUpdated`, `uid`) VALUES ('43', NULL, 'm140603_000005_asset_sources', '2014-06-07 14:10:06', '2014-06-07 14:10:06', '2014-06-07 14:10:06', '7db9b881-20ce-4f3b-99cf-b3a4c0462414');



--
-- Schema for table `craft_plugins`
--

DROP TABLE IF EXISTS `craft_plugins`;

CREATE TABLE `craft_plugins` (
  `id` int(11) NOT NULL AUTO_INCREMENT,
  `class` varchar(150) COLLATE utf8_unicode_ci NOT NULL,
  `version` char(15) COLLATE utf8_unicode_ci NOT NULL,
  `enabled` tinyint(1) unsigned NOT NULL DEFAULT '0',
  `settings` text COLLATE utf8_unicode_ci,
  `installDate` datetime NOT NULL,
  `dateCreated` datetime NOT NULL,
  `dateUpdated` datetime NOT NULL,
  `uid` char(36) COLLATE utf8_unicode_ci NOT NULL DEFAULT '0',
  PRIMARY KEY (`id`)
) ENGINE=InnoDB DEFAULT CHARSET=utf8 COLLATE=utf8_unicode_ci;

--
-- Schema for table `craft_rackspaceaccess`
--

DROP TABLE IF EXISTS `craft_rackspaceaccess`;

CREATE TABLE `craft_rackspaceaccess` (
  `id` int(11) NOT NULL AUTO_INCREMENT,
  `connectionKey` varchar(255) COLLATE utf8_unicode_ci NOT NULL,
  `token` varchar(255) COLLATE utf8_unicode_ci NOT NULL,
  `storageUrl` varchar(255) COLLATE utf8_unicode_ci NOT NULL,
  `cdnUrl` varchar(255) COLLATE utf8_unicode_ci NOT NULL,
  `dateCreated` datetime NOT NULL,
  `dateUpdated` datetime NOT NULL,
  `uid` char(36) COLLATE utf8_unicode_ci NOT NULL DEFAULT '0',
  PRIMARY KEY (`id`),
  UNIQUE KEY `craft_rackspaceaccess_connectionKey_unq_idx` (`connectionKey`)
) ENGINE=InnoDB DEFAULT CHARSET=utf8 COLLATE=utf8_unicode_ci;

--
-- Schema for table `craft_relations`
--

DROP TABLE IF EXISTS `craft_relations`;

CREATE TABLE `craft_relations` (
  `id` int(11) NOT NULL AUTO_INCREMENT,
  `fieldId` int(11) NOT NULL,
  `sourceId` int(11) NOT NULL,
  `sourceLocale` char(12) COLLATE utf8_unicode_ci DEFAULT NULL,
  `targetId` int(11) NOT NULL,
  `sortOrder` tinyint(4) DEFAULT NULL,
  `dateCreated` datetime NOT NULL,
  `dateUpdated` datetime NOT NULL,
  `uid` char(36) COLLATE utf8_unicode_ci NOT NULL DEFAULT '0',
  PRIMARY KEY (`id`),
  UNIQUE KEY `craft_relations_fieldId_sourceId_sourceLocale_targetId_unq_idx` (`fieldId`,`sourceId`,`sourceLocale`,`targetId`),
  KEY `craft_relations_sourceId_fk` (`sourceId`),
  KEY `craft_relations_targetId_fk` (`targetId`),
  KEY `craft_relations_sourceLocale_fk` (`sourceLocale`)
) ENGINE=InnoDB AUTO_INCREMENT=48 DEFAULT CHARSET=utf8 COLLATE=utf8_unicode_ci;

--
-- Data for table `craft_relations`
--

INSERT INTO `craft_relations` (`id`, `fieldId`, `sourceId`, `sourceLocale`, `targetId`, `sortOrder`, `dateCreated`, `dateUpdated`, `uid`) VALUES ('14', '20', '3', NULL, '10', '1', '2014-04-12 15:28:15', '2014-04-12 15:28:15', '189ba062-6894-4dd9-96fd-f0e94bd52eb2');
INSERT INTO `craft_relations` (`id`, `fieldId`, `sourceId`, `sourceLocale`, `targetId`, `sortOrder`, `dateCreated`, `dateUpdated`, `uid`) VALUES ('17', '16', '7', NULL, '3', '1', '2014-04-12 15:30:13', '2014-04-12 15:30:13', 'b198a3c8-8d32-419b-a4e7-c3f93b30f9c0');
INSERT INTO `craft_relations` (`id`, `fieldId`, `sourceId`, `sourceLocale`, `targetId`, `sortOrder`, `dateCreated`, `dateUpdated`, `uid`) VALUES ('37', '9', '3', NULL, '4', '1', '2014-07-08 12:37:34', '2014-07-08 12:37:34', 'c0e21518-5896-4604-a2a1-d2a0dedc23bd');
INSERT INTO `craft_relations` (`id`, `fieldId`, `sourceId`, `sourceLocale`, `targetId`, `sortOrder`, `dateCreated`, `dateUpdated`, `uid`) VALUES ('38', '9', '3', NULL, '5', '2', '2014-07-08 12:37:34', '2014-07-08 12:37:34', '32c5a479-84f8-4e7f-b4c8-bd3bfb1e5807');
INSERT INTO `craft_relations` (`id`, `fieldId`, `sourceId`, `sourceLocale`, `targetId`, `sortOrder`, `dateCreated`, `dateUpdated`, `uid`) VALUES ('39', '22', '3', NULL, '10', '1', '2014-07-08 12:37:34', '2014-07-08 12:37:34', 'b6722ea2-f5b1-459e-9ce3-ff9739ee6282');
INSERT INTO `craft_relations` (`id`, `fieldId`, `sourceId`, `sourceLocale`, `targetId`, `sortOrder`, `dateCreated`, `dateUpdated`, `uid`) VALUES ('40', '16', '2', NULL, '3', '1', '2014-07-08 12:54:15', '2014-07-08 12:54:15', '761bce13-3a8f-4386-91b2-fcfc569401ae');
INSERT INTO `craft_relations` (`id`, `fieldId`, `sourceId`, `sourceLocale`, `targetId`, `sortOrder`, `dateCreated`, `dateUpdated`, `uid`) VALUES ('41', '16', '2', NULL, '9', '2', '2014-07-08 12:54:15', '2014-07-08 12:54:15', '3dc1aeb1-8c21-4d9f-bb98-151943d30147');
INSERT INTO `craft_relations` (`id`, `fieldId`, `sourceId`, `sourceLocale`, `targetId`, `sortOrder`, `dateCreated`, `dateUpdated`, `uid`) VALUES ('42', '22', '2', NULL, '10', '1', '2014-07-08 12:54:15', '2014-07-08 12:54:15', 'e265f6dc-83a9-4750-b2f4-12f1f885f16b');
INSERT INTO `craft_relations` (`id`, `fieldId`, `sourceId`, `sourceLocale`, `targetId`, `sortOrder`, `dateCreated`, `dateUpdated`, `uid`) VALUES ('43', '22', '2', NULL, '16', '2', '2014-07-08 12:54:15', '2014-07-08 12:54:15', '5975b47e-7467-41fc-b7bb-cf36e6df1177');
INSERT INTO `craft_relations` (`id`, `fieldId`, `sourceId`, `sourceLocale`, `targetId`, `sortOrder`, `dateCreated`, `dateUpdated`, `uid`) VALUES ('44', '15', '9', NULL, '8', '1', '2014-07-10 14:42:45', '2014-07-10 14:42:45', 'e374f07b-bc77-43cb-bd66-d9e71be0327a');
INSERT INTO `craft_relations` (`id`, `fieldId`, `sourceId`, `sourceLocale`, `targetId`, `sortOrder`, `dateCreated`, `dateUpdated`, `uid`) VALUES ('45', '9', '9', NULL, '13', '1', '2014-07-10 14:42:45', '2014-07-10 14:42:45', 'b99bf0ce-65a3-4ad3-a690-9851953645a7');
INSERT INTO `craft_relations` (`id`, `fieldId`, `sourceId`, `sourceLocale`, `targetId`, `sortOrder`, `dateCreated`, `dateUpdated`, `uid`) VALUES ('46', '9', '9', NULL, '4', '2', '2014-07-10 14:42:45', '2014-07-10 14:42:45', 'ba744df8-efb7-4a34-a18f-bbc84e84e426');
INSERT INTO `craft_relations` (`id`, `fieldId`, `sourceId`, `sourceLocale`, `targetId`, `sortOrder`, `dateCreated`, `dateUpdated`, `uid`) VALUES ('47', '9', '9', NULL, '14', '3', '2014-07-10 14:42:45', '2014-07-10 14:42:45', '87436162-38fc-4c2f-bbd0-550b58590b01');



--
-- Schema for table `craft_routes`
--

DROP TABLE IF EXISTS `craft_routes`;

CREATE TABLE `craft_routes` (
  `id` int(11) NOT NULL AUTO_INCREMENT,
  `locale` char(12) COLLATE utf8_unicode_ci DEFAULT NULL,
  `urlParts` varchar(255) COLLATE utf8_unicode_ci NOT NULL,
  `urlPattern` varchar(255) COLLATE utf8_unicode_ci NOT NULL,
  `template` varchar(255) COLLATE utf8_unicode_ci NOT NULL,
  `sortOrder` tinyint(4) DEFAULT NULL,
  `dateCreated` datetime NOT NULL,
  `dateUpdated` datetime NOT NULL,
  `uid` char(36) COLLATE utf8_unicode_ci NOT NULL DEFAULT '0',
  PRIMARY KEY (`id`),
  UNIQUE KEY `craft_routes_urlPattern_unq_idx` (`urlPattern`),
  KEY `craft_routes_locale_idx` (`locale`)
) ENGINE=InnoDB AUTO_INCREMENT=2 DEFAULT CHARSET=utf8 COLLATE=utf8_unicode_ci;

--
-- Data for table `craft_routes`
--

INSERT INTO `craft_routes` (`id`, `locale`, `urlParts`, `urlPattern`, `template`, `sortOrder`, `dateCreated`, `dateUpdated`, `uid`) VALUES ('1', NULL, '[\"tags\\/\",[\"tag\",\"[^\\\\\\/]+\"]]', 'tags\\/(?P<tag>[^\\/]+)', 'tags/_tag', '1', '2014-03-09 19:13:46', '2014-03-09 19:14:18', '9b52fbc0-54c7-44d8-a84c-321ebdbc9925');



--
-- Schema for table `craft_searchindex`
--

DROP TABLE IF EXISTS `craft_searchindex`;

CREATE TABLE `craft_searchindex` (
  `elementId` int(11) NOT NULL,
  `attribute` varchar(25) COLLATE utf8_unicode_ci NOT NULL,
  `fieldId` int(11) NOT NULL,
  `locale` char(12) COLLATE utf8_unicode_ci NOT NULL,
  `keywords` text COLLATE utf8_unicode_ci NOT NULL,
  PRIMARY KEY (`elementId`,`attribute`,`fieldId`,`locale`),
  FULLTEXT KEY `craft_searchindex_keywords_idx` (`keywords`)
) ENGINE=MyISAM DEFAULT CHARSET=utf8 COLLATE=utf8_unicode_ci;

--
-- Data for table `craft_searchindex`
--

INSERT INTO `craft_searchindex` (`elementId`, `attribute`, `fieldId`, `locale`, `keywords`) VALUES ('1', 'username', '0', 'en_us', ' clay ');
INSERT INTO `craft_searchindex` (`elementId`, `attribute`, `fieldId`, `locale`, `keywords`) VALUES ('1', 'firstname', '0', 'en_us', '');
INSERT INTO `craft_searchindex` (`elementId`, `attribute`, `fieldId`, `locale`, `keywords`) VALUES ('1', 'lastname', '0', 'en_us', '');
INSERT INTO `craft_searchindex` (`elementId`, `attribute`, `fieldId`, `locale`, `keywords`) VALUES ('1', 'fullname', '0', 'en_us', '');
INSERT INTO `craft_searchindex` (`elementId`, `attribute`, `fieldId`, `locale`, `keywords`) VALUES ('1', 'email', '0', 'en_us', ' bcfeeney gmail com ');
INSERT INTO `craft_searchindex` (`elementId`, `attribute`, `fieldId`, `locale`, `keywords`) VALUES ('2', 'slug', '0', 'en_us', ' homepage ');
INSERT INTO `craft_searchindex` (`elementId`, `attribute`, `fieldId`, `locale`, `keywords`) VALUES ('2', 'title', '0', 'en_us', ' homepage ');
INSERT INTO `craft_searchindex` (`elementId`, `attribute`, `fieldId`, `locale`, `keywords`) VALUES ('2', 'field', '2', 'en_us', ' it s true this site doesn t have a whole lot of content yet but don t worry our web developers have just installed the cms and they re setting things up for the content editors this very moment soon clayfain dev will be an oasis of fresh perspectives sharp analyses and astute opinions that will keep you coming back again and again ');
INSERT INTO `craft_searchindex` (`elementId`, `attribute`, `fieldId`, `locale`, `keywords`) VALUES ('2', 'field', '1', 'en_us', ' clay fain ');
INSERT INTO `craft_searchindex` (`elementId`, `attribute`, `fieldId`, `locale`, `keywords`) VALUES ('2', 'field', '3', 'en_us', '');
INSERT INTO `craft_searchindex` (`elementId`, `attribute`, `fieldId`, `locale`, `keywords`) VALUES ('3', 'slug', '0', 'en_us', ' come home with me ');
INSERT INTO `craft_searchindex` (`elementId`, `attribute`, `fieldId`, `locale`, `keywords`) VALUES ('3', 'title', '0', 'en_us', ' come home with me ');
INSERT INTO `craft_searchindex` (`elementId`, `attribute`, `fieldId`, `locale`, `keywords`) VALUES ('3', 'field', '2', 'en_us', ' craft is the cms that s powering clayfain dev it s beautiful powerful flexible and easy to use and it s made by pixel tonic we can t wait to dive in and see what it s capable of this is even more captivating content which you couldn t see on the news index page because it was entered after a page break and the news index template only likes to show the content on the first page craft a nice alternative to word if you re making a website ');
INSERT INTO `craft_searchindex` (`elementId`, `attribute`, `fieldId`, `locale`, `keywords`) VALUES ('3', 'field', '1', 'en_us', '');
INSERT INTO `craft_searchindex` (`elementId`, `attribute`, `fieldId`, `locale`, `keywords`) VALUES ('3', 'field', '3', 'en_us', '');
INSERT INTO `craft_searchindex` (`elementId`, `attribute`, `fieldId`, `locale`, `keywords`) VALUES ('1', 'field', '2', 'en_us', '');
INSERT INTO `craft_searchindex` (`elementId`, `attribute`, `fieldId`, `locale`, `keywords`) VALUES ('1', 'field', '1', 'en_us', '');
INSERT INTO `craft_searchindex` (`elementId`, `attribute`, `fieldId`, `locale`, `keywords`) VALUES ('1', 'field', '3', 'en_us', '');
INSERT INTO `craft_searchindex` (`elementId`, `attribute`, `fieldId`, `locale`, `keywords`) VALUES ('4', 'name', '0', 'en_us', ' love ');
INSERT INTO `craft_searchindex` (`elementId`, `attribute`, `fieldId`, `locale`, `keywords`) VALUES ('5', 'name', '0', 'en_us', ' ballad ');
INSERT INTO `craft_searchindex` (`elementId`, `attribute`, `fieldId`, `locale`, `keywords`) VALUES ('3', 'field', '8', 'en_us', ' clay fain john smith ');
INSERT INTO `craft_searchindex` (`elementId`, `attribute`, `fieldId`, `locale`, `keywords`) VALUES ('3', 'field', '7', 'en_us', '');
INSERT INTO `craft_searchindex` (`elementId`, `attribute`, `fieldId`, `locale`, `keywords`) VALUES ('3', 'field', '10', 'en_us', ' 2013 10 09 ');
INSERT INTO `craft_searchindex` (`elementId`, `attribute`, `fieldId`, `locale`, `keywords`) VALUES ('3', 'field', '5', 'en_us', ' we found love in the summer s acid rainwe found love as it was spinning down the drainwe found love in a moment at the barwe found love cause we were looking oh so hardcome home with meso i can watch you as you sleepand pretend you are my lovethe mythic beast they call the one so make my night completecome home with mewent downtown with a glimmer in my eyefell back down in a drink and crossed the linewhat s more real is it the dark is it the nightwe found love our better judgement out of sightcome home with meso i can watch you as you sleepand pretend you are my lovethe mythic beast they call the one so make my night completecome home with mewe found love in the truth behind the lieswe found love crossing t s and dotting i swe found love in a moment at the barwe found love cause we were looking oh so hardcome home with meso i can watch you as you sleepand pretend you are my lovethe mythic beast they call the one so make my night completecome home with me ');
INSERT INTO `craft_searchindex` (`elementId`, `attribute`, `fieldId`, `locale`, `keywords`) VALUES ('3', 'field', '11', 'en_us', '');
INSERT INTO `craft_searchindex` (`elementId`, `attribute`, `fieldId`, `locale`, `keywords`) VALUES ('3', 'field', '6', 'en_us', ' lorem ipsum dolor sit amet consectetur adipisicing elit sed do eiusmod tempor incididunt ut labore et dolore magna aliqua ut enim ad minim veniam quis nostrud exercitation ullamco laboris nisi ut aliquip ex ea commodo consequat duis aute irure dolor in reprehenderit in voluptate velit esse cillum dolore eu fugiat nulla pariatur excepteur sint occaecat cupidatat non proident sunt in culpa qui officia deserunt mollit anim id est laborum ');
INSERT INTO `craft_searchindex` (`elementId`, `attribute`, `fieldId`, `locale`, `keywords`) VALUES ('3', 'field', '4', 'en_us', ' 113413237 ');
INSERT INTO `craft_searchindex` (`elementId`, `attribute`, `fieldId`, `locale`, `keywords`) VALUES ('3', 'field', '9', 'en_us', ' love ballad ');
INSERT INTO `craft_searchindex` (`elementId`, `attribute`, `fieldId`, `locale`, `keywords`) VALUES ('7', 'slug', '0', 'en_us', ' brian feeney ');
INSERT INTO `craft_searchindex` (`elementId`, `attribute`, `fieldId`, `locale`, `keywords`) VALUES ('7', 'title', '0', 'en_us', ' brian feeney ');
INSERT INTO `craft_searchindex` (`elementId`, `attribute`, `fieldId`, `locale`, `keywords`) VALUES ('7', 'field', '2', 'en_us', ' lorem ipsum dolor sit amet consectetur adipisicing elit sed do eiusmod tempor incididunt ut labore et dolore magna aliqua ut enim ad minim veniam quis nostrud exercitation ullamco laboris nisi ut aliquip ex ea commodo consequat duis aute irure dolor in reprehenderit in voluptate velit esse cillum dolore eu fugiat nulla pariatur excepteur sint occaecat cupidatat non proident sunt in culpa qui officia deserunt mollit anim id est laborum sed ut perspiciatis unde omnis iste natus error sit voluptatem accusantium doloremque laudantium totam rem aperiam eaque ipsa quae ab illo inventore veritatis et quasi architecto beatae vitae dicta sunt explicabo nemo enim ipsam voluptatem quia voluptas sit aspernatur aut odit aut fugit sed quia consequuntur magni dolores eos qui ratione voluptatem sequi nesciunt neque porro quisquam est qui dolorem ipsum quia dolor sit amet consectetur adipisci velit sed quia non numquam eius modi tempora incidunt ut labore et dolore magnam aliquam quaerat voluptatem ut enim ad minima veniam quis nostrum exercitationem ullam corporis suscipit laboriosam nisi ut aliquid ex ea commodi consequatur quis autem vel eum iure reprehenderit qui in ea voluptate velit esse quam nihil molestiae consequatur vel illum qui dolorem eum fugiat quo voluptas nulla pariatur section somethinglorem ipsum dolor sit amet consectetur adipisicing elit sed do eiusmod tempor incididunt ut labore et dolore magna aliqua ut enim ad minim veniam quis nostrud exercitation ullamco laboris nisi ut aliquip ex ea commodo consequat duis aute irure dolor in reprehenderit in voluptate velit esse cillum dolore eu fugiat nulla pariatur excepteur sint occaecat cupidatat non proident sunt in culpa qui officia deserunt mollit anim id est laborum ');
INSERT INTO `craft_searchindex` (`elementId`, `attribute`, `fieldId`, `locale`, `keywords`) VALUES ('7', 'field', '8', 'en_us', '');
INSERT INTO `craft_searchindex` (`elementId`, `attribute`, `fieldId`, `locale`, `keywords`) VALUES ('7', 'field', '7', 'en_us', '');
INSERT INTO `craft_searchindex` (`elementId`, `attribute`, `fieldId`, `locale`, `keywords`) VALUES ('7', 'field', '10', 'en_us', '');
INSERT INTO `craft_searchindex` (`elementId`, `attribute`, `fieldId`, `locale`, `keywords`) VALUES ('7', 'field', '1', 'en_us', '');
INSERT INTO `craft_searchindex` (`elementId`, `attribute`, `fieldId`, `locale`, `keywords`) VALUES ('7', 'field', '5', 'en_us', '');
INSERT INTO `craft_searchindex` (`elementId`, `attribute`, `fieldId`, `locale`, `keywords`) VALUES ('7', 'field', '15', 'en_us', '');
INSERT INTO `craft_searchindex` (`elementId`, `attribute`, `fieldId`, `locale`, `keywords`) VALUES ('7', 'field', '11', 'en_us', '');
INSERT INTO `craft_searchindex` (`elementId`, `attribute`, `fieldId`, `locale`, `keywords`) VALUES ('7', 'field', '6', 'en_us', '');
INSERT INTO `craft_searchindex` (`elementId`, `attribute`, `fieldId`, `locale`, `keywords`) VALUES ('7', 'field', '16', 'en_us', ' come home with me ');
INSERT INTO `craft_searchindex` (`elementId`, `attribute`, `fieldId`, `locale`, `keywords`) VALUES ('7', 'field', '4', 'en_us', '');
INSERT INTO `craft_searchindex` (`elementId`, `attribute`, `fieldId`, `locale`, `keywords`) VALUES ('7', 'field', '3', 'en_us', '');
INSERT INTO `craft_searchindex` (`elementId`, `attribute`, `fieldId`, `locale`, `keywords`) VALUES ('7', 'field', '9', 'en_us', '');
INSERT INTO `craft_searchindex` (`elementId`, `attribute`, `fieldId`, `locale`, `keywords`) VALUES ('2', 'field', '8', 'en_us', '');
INSERT INTO `craft_searchindex` (`elementId`, `attribute`, `fieldId`, `locale`, `keywords`) VALUES ('2', 'field', '7', 'en_us', '');
INSERT INTO `craft_searchindex` (`elementId`, `attribute`, `fieldId`, `locale`, `keywords`) VALUES ('2', 'field', '10', 'en_us', '');
INSERT INTO `craft_searchindex` (`elementId`, `attribute`, `fieldId`, `locale`, `keywords`) VALUES ('2', 'field', '18', 'en_us', '');
INSERT INTO `craft_searchindex` (`elementId`, `attribute`, `fieldId`, `locale`, `keywords`) VALUES ('2', 'field', '17', 'en_us', ' clay fain is a musician that makes music on instruments and plays that music on stage sometimes but also sometimes on the couch in the living room while watching tv ');
INSERT INTO `craft_searchindex` (`elementId`, `attribute`, `fieldId`, `locale`, `keywords`) VALUES ('2', 'field', '5', 'en_us', '');
INSERT INTO `craft_searchindex` (`elementId`, `attribute`, `fieldId`, `locale`, `keywords`) VALUES ('2', 'field', '15', 'en_us', '');
INSERT INTO `craft_searchindex` (`elementId`, `attribute`, `fieldId`, `locale`, `keywords`) VALUES ('2', 'field', '11', 'en_us', '');
INSERT INTO `craft_searchindex` (`elementId`, `attribute`, `fieldId`, `locale`, `keywords`) VALUES ('2', 'field', '6', 'en_us', '');
INSERT INTO `craft_searchindex` (`elementId`, `attribute`, `fieldId`, `locale`, `keywords`) VALUES ('2', 'field', '16', 'en_us', ' come home with me your heart and mine ');
INSERT INTO `craft_searchindex` (`elementId`, `attribute`, `fieldId`, `locale`, `keywords`) VALUES ('2', 'field', '4', 'en_us', '');
INSERT INTO `craft_searchindex` (`elementId`, `attribute`, `fieldId`, `locale`, `keywords`) VALUES ('2', 'field', '9', 'en_us', '');
INSERT INTO `craft_searchindex` (`elementId`, `attribute`, `fieldId`, `locale`, `keywords`) VALUES ('2', 'field', '19', 'en_us', '');
INSERT INTO `craft_searchindex` (`elementId`, `attribute`, `fieldId`, `locale`, `keywords`) VALUES ('2', 'field', '21', 'en_us', '');
INSERT INTO `craft_searchindex` (`elementId`, `attribute`, `fieldId`, `locale`, `keywords`) VALUES ('8', 'field', '2', 'en_us', '');
INSERT INTO `craft_searchindex` (`elementId`, `attribute`, `fieldId`, `locale`, `keywords`) VALUES ('8', 'field', '8', 'en_us', '');
INSERT INTO `craft_searchindex` (`elementId`, `attribute`, `fieldId`, `locale`, `keywords`) VALUES ('8', 'field', '7', 'en_us', '');
INSERT INTO `craft_searchindex` (`elementId`, `attribute`, `fieldId`, `locale`, `keywords`) VALUES ('8', 'field', '10', 'en_us', '');
INSERT INTO `craft_searchindex` (`elementId`, `attribute`, `fieldId`, `locale`, `keywords`) VALUES ('8', 'field', '18', 'en_us', '');
INSERT INTO `craft_searchindex` (`elementId`, `attribute`, `fieldId`, `locale`, `keywords`) VALUES ('8', 'field', '1', 'en_us', '');
INSERT INTO `craft_searchindex` (`elementId`, `attribute`, `fieldId`, `locale`, `keywords`) VALUES ('8', 'field', '17', 'en_us', '');
INSERT INTO `craft_searchindex` (`elementId`, `attribute`, `fieldId`, `locale`, `keywords`) VALUES ('8', 'field', '5', 'en_us', '');
INSERT INTO `craft_searchindex` (`elementId`, `attribute`, `fieldId`, `locale`, `keywords`) VALUES ('8', 'field', '15', 'en_us', '');
INSERT INTO `craft_searchindex` (`elementId`, `attribute`, `fieldId`, `locale`, `keywords`) VALUES ('8', 'field', '11', 'en_us', '');
INSERT INTO `craft_searchindex` (`elementId`, `attribute`, `fieldId`, `locale`, `keywords`) VALUES ('8', 'field', '6', 'en_us', '');
INSERT INTO `craft_searchindex` (`elementId`, `attribute`, `fieldId`, `locale`, `keywords`) VALUES ('8', 'field', '16', 'en_us', '');
INSERT INTO `craft_searchindex` (`elementId`, `attribute`, `fieldId`, `locale`, `keywords`) VALUES ('8', 'field', '4', 'en_us', '');
INSERT INTO `craft_searchindex` (`elementId`, `attribute`, `fieldId`, `locale`, `keywords`) VALUES ('8', 'field', '3', 'en_us', '');
INSERT INTO `craft_searchindex` (`elementId`, `attribute`, `fieldId`, `locale`, `keywords`) VALUES ('8', 'field', '9', 'en_us', '');
INSERT INTO `craft_searchindex` (`elementId`, `attribute`, `fieldId`, `locale`, `keywords`) VALUES ('8', 'field', '19', 'en_us', '');
INSERT INTO `craft_searchindex` (`elementId`, `attribute`, `fieldId`, `locale`, `keywords`) VALUES ('8', 'filename', '0', 'en_us', ' 06_questions mp3 ');
INSERT INTO `craft_searchindex` (`elementId`, `attribute`, `fieldId`, `locale`, `keywords`) VALUES ('8', 'extension', '0', 'en_us', ' mp3 ');
INSERT INTO `craft_searchindex` (`elementId`, `attribute`, `fieldId`, `locale`, `keywords`) VALUES ('8', 'kind', '0', 'en_us', ' audio ');
INSERT INTO `craft_searchindex` (`elementId`, `attribute`, `fieldId`, `locale`, `keywords`) VALUES ('8', 'title', '0', 'en_us', ' 06 questions ');
INSERT INTO `craft_searchindex` (`elementId`, `attribute`, `fieldId`, `locale`, `keywords`) VALUES ('9', 'slug', '0', 'en_us', ' your heart and mine ');
INSERT INTO `craft_searchindex` (`elementId`, `attribute`, `fieldId`, `locale`, `keywords`) VALUES ('9', 'title', '0', 'en_us', ' your heart and mine ');
INSERT INTO `craft_searchindex` (`elementId`, `attribute`, `fieldId`, `locale`, `keywords`) VALUES ('9', 'field', '2', 'en_us', '');
INSERT INTO `craft_searchindex` (`elementId`, `attribute`, `fieldId`, `locale`, `keywords`) VALUES ('9', 'field', '8', 'en_us', '');
INSERT INTO `craft_searchindex` (`elementId`, `attribute`, `fieldId`, `locale`, `keywords`) VALUES ('9', 'field', '7', 'en_us', '');
INSERT INTO `craft_searchindex` (`elementId`, `attribute`, `fieldId`, `locale`, `keywords`) VALUES ('9', 'field', '10', 'en_us', '');
INSERT INTO `craft_searchindex` (`elementId`, `attribute`, `fieldId`, `locale`, `keywords`) VALUES ('9', 'field', '18', 'en_us', '');
INSERT INTO `craft_searchindex` (`elementId`, `attribute`, `fieldId`, `locale`, `keywords`) VALUES ('9', 'field', '1', 'en_us', '');
INSERT INTO `craft_searchindex` (`elementId`, `attribute`, `fieldId`, `locale`, `keywords`) VALUES ('9', 'field', '17', 'en_us', '');
INSERT INTO `craft_searchindex` (`elementId`, `attribute`, `fieldId`, `locale`, `keywords`) VALUES ('9', 'field', '5', 'en_us', '');
INSERT INTO `craft_searchindex` (`elementId`, `attribute`, `fieldId`, `locale`, `keywords`) VALUES ('9', 'field', '15', 'en_us', '');
INSERT INTO `craft_searchindex` (`elementId`, `attribute`, `fieldId`, `locale`, `keywords`) VALUES ('9', 'field', '11', 'en_us', '');
INSERT INTO `craft_searchindex` (`elementId`, `attribute`, `fieldId`, `locale`, `keywords`) VALUES ('9', 'field', '6', 'en_us', '');
INSERT INTO `craft_searchindex` (`elementId`, `attribute`, `fieldId`, `locale`, `keywords`) VALUES ('9', 'field', '16', 'en_us', '');
INSERT INTO `craft_searchindex` (`elementId`, `attribute`, `fieldId`, `locale`, `keywords`) VALUES ('9', 'field', '4', 'en_us', ' 130540060 ');
INSERT INTO `craft_searchindex` (`elementId`, `attribute`, `fieldId`, `locale`, `keywords`) VALUES ('10', 'slug', '0', 'en_us', ' album title ');
INSERT INTO `craft_searchindex` (`elementId`, `attribute`, `fieldId`, `locale`, `keywords`) VALUES ('10', 'title', '0', 'en_us', ' sad eyes ');
INSERT INTO `craft_searchindex` (`elementId`, `attribute`, `fieldId`, `locale`, `keywords`) VALUES ('10', 'field', '2', 'en_us', '');
INSERT INTO `craft_searchindex` (`elementId`, `attribute`, `fieldId`, `locale`, `keywords`) VALUES ('10', 'field', '8', 'en_us', '');
INSERT INTO `craft_searchindex` (`elementId`, `attribute`, `fieldId`, `locale`, `keywords`) VALUES ('10', 'field', '7', 'en_us', '');
INSERT INTO `craft_searchindex` (`elementId`, `attribute`, `fieldId`, `locale`, `keywords`) VALUES ('9', 'field', '3', 'en_us', '');
INSERT INTO `craft_searchindex` (`elementId`, `attribute`, `fieldId`, `locale`, `keywords`) VALUES ('9', 'field', '9', 'en_us', ' breakup love nyc ');
INSERT INTO `craft_searchindex` (`elementId`, `attribute`, `fieldId`, `locale`, `keywords`) VALUES ('9', 'field', '19', 'en_us', '');
INSERT INTO `craft_searchindex` (`elementId`, `attribute`, `fieldId`, `locale`, `keywords`) VALUES ('10', 'field', '10', 'en_us', '');
INSERT INTO `craft_searchindex` (`elementId`, `attribute`, `fieldId`, `locale`, `keywords`) VALUES ('10', 'field', '18', 'en_us', '');
INSERT INTO `craft_searchindex` (`elementId`, `attribute`, `fieldId`, `locale`, `keywords`) VALUES ('10', 'field', '1', 'en_us', '');
INSERT INTO `craft_searchindex` (`elementId`, `attribute`, `fieldId`, `locale`, `keywords`) VALUES ('10', 'field', '17', 'en_us', '');
INSERT INTO `craft_searchindex` (`elementId`, `attribute`, `fieldId`, `locale`, `keywords`) VALUES ('10', 'field', '5', 'en_us', '');
INSERT INTO `craft_searchindex` (`elementId`, `attribute`, `fieldId`, `locale`, `keywords`) VALUES ('10', 'field', '15', 'en_us', '');
INSERT INTO `craft_searchindex` (`elementId`, `attribute`, `fieldId`, `locale`, `keywords`) VALUES ('10', 'field', '11', 'en_us', ' 4225007596 ');
INSERT INTO `craft_searchindex` (`elementId`, `attribute`, `fieldId`, `locale`, `keywords`) VALUES ('10', 'field', '6', 'en_us', '');
INSERT INTO `craft_searchindex` (`elementId`, `attribute`, `fieldId`, `locale`, `keywords`) VALUES ('10', 'field', '16', 'en_us', '');
INSERT INTO `craft_searchindex` (`elementId`, `attribute`, `fieldId`, `locale`, `keywords`) VALUES ('10', 'field', '4', 'en_us', '');
INSERT INTO `craft_searchindex` (`elementId`, `attribute`, `fieldId`, `locale`, `keywords`) VALUES ('10', 'field', '3', 'en_us', '');
INSERT INTO `craft_searchindex` (`elementId`, `attribute`, `fieldId`, `locale`, `keywords`) VALUES ('10', 'field', '9', 'en_us', '');
INSERT INTO `craft_searchindex` (`elementId`, `attribute`, `fieldId`, `locale`, `keywords`) VALUES ('10', 'field', '19', 'en_us', '');
INSERT INTO `craft_searchindex` (`elementId`, `attribute`, `fieldId`, `locale`, `keywords`) VALUES ('3', 'field', '18', 'en_us', '');
INSERT INTO `craft_searchindex` (`elementId`, `attribute`, `fieldId`, `locale`, `keywords`) VALUES ('3', 'field', '17', 'en_us', '');
INSERT INTO `craft_searchindex` (`elementId`, `attribute`, `fieldId`, `locale`, `keywords`) VALUES ('3', 'field', '15', 'en_us', '');
INSERT INTO `craft_searchindex` (`elementId`, `attribute`, `fieldId`, `locale`, `keywords`) VALUES ('3', 'field', '20', 'en_us', ' sad eyes ');
INSERT INTO `craft_searchindex` (`elementId`, `attribute`, `fieldId`, `locale`, `keywords`) VALUES ('3', 'field', '16', 'en_us', '');
INSERT INTO `craft_searchindex` (`elementId`, `attribute`, `fieldId`, `locale`, `keywords`) VALUES ('3', 'field', '19', 'en_us', '');
INSERT INTO `craft_searchindex` (`elementId`, `attribute`, `fieldId`, `locale`, `keywords`) VALUES ('7', 'field', '18', 'en_us', '');
INSERT INTO `craft_searchindex` (`elementId`, `attribute`, `fieldId`, `locale`, `keywords`) VALUES ('7', 'field', '17', 'en_us', '');
INSERT INTO `craft_searchindex` (`elementId`, `attribute`, `fieldId`, `locale`, `keywords`) VALUES ('7', 'field', '20', 'en_us', '');
INSERT INTO `craft_searchindex` (`elementId`, `attribute`, `fieldId`, `locale`, `keywords`) VALUES ('7', 'field', '19', 'en_us', '');
INSERT INTO `craft_searchindex` (`elementId`, `attribute`, `fieldId`, `locale`, `keywords`) VALUES ('2', 'field', '22', 'en_us', ' sad eyes ');
INSERT INTO `craft_searchindex` (`elementId`, `attribute`, `fieldId`, `locale`, `keywords`) VALUES ('2', 'field', '20', 'en_us', '');
INSERT INTO `craft_searchindex` (`elementId`, `attribute`, `fieldId`, `locale`, `keywords`) VALUES ('10', 'field', '21', 'en_us', '');
INSERT INTO `craft_searchindex` (`elementId`, `attribute`, `fieldId`, `locale`, `keywords`) VALUES ('10', 'field', '22', 'en_us', '');
INSERT INTO `craft_searchindex` (`elementId`, `attribute`, `fieldId`, `locale`, `keywords`) VALUES ('10', 'field', '20', 'en_us', '');
INSERT INTO `craft_searchindex` (`elementId`, `attribute`, `fieldId`, `locale`, `keywords`) VALUES ('3', 'field', '21', 'en_us', '');
INSERT INTO `craft_searchindex` (`elementId`, `attribute`, `fieldId`, `locale`, `keywords`) VALUES ('3', 'field', '22', 'en_us', ' sad eyes ');
INSERT INTO `craft_searchindex` (`elementId`, `attribute`, `fieldId`, `locale`, `keywords`) VALUES ('13', 'name', '0', 'en_us', ' breakup ');
INSERT INTO `craft_searchindex` (`elementId`, `attribute`, `fieldId`, `locale`, `keywords`) VALUES ('14', 'name', '0', 'en_us', ' nyc ');
INSERT INTO `craft_searchindex` (`elementId`, `attribute`, `fieldId`, `locale`, `keywords`) VALUES ('9', 'field', '21', 'en_us', '');
INSERT INTO `craft_searchindex` (`elementId`, `attribute`, `fieldId`, `locale`, `keywords`) VALUES ('9', 'field', '22', 'en_us', '');
INSERT INTO `craft_searchindex` (`elementId`, `attribute`, `fieldId`, `locale`, `keywords`) VALUES ('9', 'field', '20', 'en_us', '');
INSERT INTO `craft_searchindex` (`elementId`, `attribute`, `fieldId`, `locale`, `keywords`) VALUES ('8', 'slug', '0', 'en_us', '');
INSERT INTO `craft_searchindex` (`elementId`, `attribute`, `fieldId`, `locale`, `keywords`) VALUES ('4', 'slug', '0', 'en_us', '');
INSERT INTO `craft_searchindex` (`elementId`, `attribute`, `fieldId`, `locale`, `keywords`) VALUES ('5', 'slug', '0', 'en_us', '');
INSERT INTO `craft_searchindex` (`elementId`, `attribute`, `fieldId`, `locale`, `keywords`) VALUES ('13', 'slug', '0', 'en_us', '');
INSERT INTO `craft_searchindex` (`elementId`, `attribute`, `fieldId`, `locale`, `keywords`) VALUES ('14', 'slug', '0', 'en_us', '');
INSERT INTO `craft_searchindex` (`elementId`, `attribute`, `fieldId`, `locale`, `keywords`) VALUES ('1', 'slug', '0', 'en_us', '');
INSERT INTO `craft_searchindex` (`elementId`, `attribute`, `fieldId`, `locale`, `keywords`) VALUES ('15', 'field', '11', 'en_us', ' a href= http clayfain bandcamp com album sad eyes sad eyes by clay fain a ');
INSERT INTO `craft_searchindex` (`elementId`, `attribute`, `fieldId`, `locale`, `keywords`) VALUES ('15', 'slug', '0', 'en_us', ' test release 1 ');
INSERT INTO `craft_searchindex` (`elementId`, `attribute`, `fieldId`, `locale`, `keywords`) VALUES ('15', 'title', '0', 'en_us', ' test release 1 ');
INSERT INTO `craft_searchindex` (`elementId`, `attribute`, `fieldId`, `locale`, `keywords`) VALUES ('16', 'field', '11', 'en_us', ' 592733622 ');
INSERT INTO `craft_searchindex` (`elementId`, `attribute`, `fieldId`, `locale`, `keywords`) VALUES ('16', 'slug', '0', 'en_us', ' test release 2 ');
INSERT INTO `craft_searchindex` (`elementId`, `attribute`, `fieldId`, `locale`, `keywords`) VALUES ('16', 'title', '0', 'en_us', ' heart of gold ');



--
-- Schema for table `craft_sections`
--

DROP TABLE IF EXISTS `craft_sections`;

CREATE TABLE `craft_sections` (
  `id` int(11) NOT NULL AUTO_INCREMENT,
  `structureId` int(11) DEFAULT NULL,
  `name` varchar(255) COLLATE utf8_unicode_ci NOT NULL,
  `handle` varchar(255) COLLATE utf8_unicode_ci NOT NULL,
  `type` enum('single','channel','structure') COLLATE utf8_unicode_ci NOT NULL DEFAULT 'channel',
  `hasUrls` tinyint(1) unsigned NOT NULL DEFAULT '1',
  `template` varchar(500) COLLATE utf8_unicode_ci DEFAULT NULL,
  `enableVersioning` tinyint(1) unsigned NOT NULL DEFAULT '0',
  `dateCreated` datetime NOT NULL,
  `dateUpdated` datetime NOT NULL,
  `uid` char(36) COLLATE utf8_unicode_ci NOT NULL DEFAULT '0',
  PRIMARY KEY (`id`),
  UNIQUE KEY `craft_sections_name_unq_idx` (`name`),
  UNIQUE KEY `craft_sections_handle_unq_idx` (`handle`),
  KEY `craft_sections_structureId_fk` (`structureId`)
) ENGINE=InnoDB AUTO_INCREMENT=6 DEFAULT CHARSET=utf8 COLLATE=utf8_unicode_ci;

--
-- Data for table `craft_sections`
--

INSERT INTO `craft_sections` (`id`, `structureId`, `name`, `handle`, `type`, `hasUrls`, `template`, `enableVersioning`, `dateCreated`, `dateUpdated`, `uid`) VALUES ('1', NULL, 'Homepage', 'homepage', 'single', '1', 'index', '1', '2014-03-03 00:54:37', '2014-06-07 14:10:05', '0abca571-5cab-4db7-b0e7-feb02e4d4cc9');
INSERT INTO `craft_sections` (`id`, `structureId`, `name`, `handle`, `type`, `hasUrls`, `template`, `enableVersioning`, `dateCreated`, `dateUpdated`, `uid`) VALUES ('2', NULL, 'Songs', 'songs', 'channel', '1', 'songs/_entry', '1', '2014-03-03 00:54:37', '2014-06-07 14:10:05', 'd10c5ea5-1e75-417b-9ba1-fce7821d9c60');
INSERT INTO `craft_sections` (`id`, `structureId`, `name`, `handle`, `type`, `hasUrls`, `template`, `enableVersioning`, `dateCreated`, `dateUpdated`, `uid`) VALUES ('4', NULL, 'Playlists', 'playlists', 'channel', '1', 'playlists/_entry', '1', '2014-03-24 13:11:54', '2014-06-07 14:10:05', '49230081-2b70-4d40-9890-460e0125d84d');
INSERT INTO `craft_sections` (`id`, `structureId`, `name`, `handle`, `type`, `hasUrls`, `template`, `enableVersioning`, `dateCreated`, `dateUpdated`, `uid`) VALUES ('5', NULL, 'Releases', 'releases', 'channel', '0', NULL, '1', '2014-04-12 15:23:50', '2014-06-07 14:10:05', '830fc43f-c6dd-44e7-a41d-71765d6d5495');



--
-- Schema for table `craft_sections_i18n`
--

DROP TABLE IF EXISTS `craft_sections_i18n`;

CREATE TABLE `craft_sections_i18n` (
  `id` int(11) NOT NULL AUTO_INCREMENT,
  `sectionId` int(11) NOT NULL,
  `locale` char(12) COLLATE utf8_unicode_ci NOT NULL,
  `enabledByDefault` tinyint(1) DEFAULT '1',
  `urlFormat` varchar(255) COLLATE utf8_unicode_ci DEFAULT NULL,
  `nestedUrlFormat` varchar(255) COLLATE utf8_unicode_ci DEFAULT NULL,
  `dateCreated` datetime NOT NULL,
  `dateUpdated` datetime NOT NULL,
  `uid` char(36) COLLATE utf8_unicode_ci NOT NULL DEFAULT '0',
  PRIMARY KEY (`id`),
  UNIQUE KEY `craft_sections_i18n_sectionId_locale_unq_idx` (`sectionId`,`locale`),
  KEY `craft_sections_i18n_locale_fk` (`locale`)
) ENGINE=InnoDB AUTO_INCREMENT=6 DEFAULT CHARSET=utf8 COLLATE=utf8_unicode_ci;

--
-- Data for table `craft_sections_i18n`
--

INSERT INTO `craft_sections_i18n` (`id`, `sectionId`, `locale`, `enabledByDefault`, `urlFormat`, `nestedUrlFormat`, `dateCreated`, `dateUpdated`, `uid`) VALUES ('1', '1', 'en_us', '1', '__home__', NULL, '2014-03-03 00:54:37', '2014-03-03 00:54:37', 'b1993589-1a65-480e-8ad9-62f719b93989');
INSERT INTO `craft_sections_i18n` (`id`, `sectionId`, `locale`, `enabledByDefault`, `urlFormat`, `nestedUrlFormat`, `dateCreated`, `dateUpdated`, `uid`) VALUES ('2', '2', 'en_us', '1', 'songs/{slug}', NULL, '2014-03-03 00:54:37', '2014-03-09 18:59:52', '247680df-00f2-418d-b2e3-2439cf098713');
INSERT INTO `craft_sections_i18n` (`id`, `sectionId`, `locale`, `enabledByDefault`, `urlFormat`, `nestedUrlFormat`, `dateCreated`, `dateUpdated`, `uid`) VALUES ('4', '4', 'en_us', '1', 'playlists/{slug}', NULL, '2014-03-24 13:11:54', '2014-03-24 13:11:54', '158e60a6-cf3b-4636-bd21-3f18cbd1c156');
INSERT INTO `craft_sections_i18n` (`id`, `sectionId`, `locale`, `enabledByDefault`, `urlFormat`, `nestedUrlFormat`, `dateCreated`, `dateUpdated`, `uid`) VALUES ('5', '5', 'en_us', '1', NULL, NULL, '2014-04-12 15:23:50', '2014-04-12 15:23:50', '33e19831-cdbd-486f-9b27-3b66220957d7');



--
-- Schema for table `craft_sessions`
--

DROP TABLE IF EXISTS `craft_sessions`;

CREATE TABLE `craft_sessions` (
  `id` int(11) NOT NULL AUTO_INCREMENT,
  `userId` int(11) NOT NULL,
  `token` char(100) COLLATE utf8_unicode_ci NOT NULL,
  `dateCreated` datetime NOT NULL,
  `dateUpdated` datetime NOT NULL,
  `uid` char(36) COLLATE utf8_unicode_ci NOT NULL DEFAULT '0',
  PRIMARY KEY (`id`),
  KEY `craft_sessions_uid_idx` (`uid`),
  KEY `craft_sessions_token_idx` (`token`),
  KEY `craft_sessions_dateUpdated_idx` (`dateUpdated`),
  KEY `craft_sessions_userId_fk` (`userId`)
) ENGINE=InnoDB AUTO_INCREMENT=30 DEFAULT CHARSET=utf8 COLLATE=utf8_unicode_ci;

--
-- Data for table `craft_sessions`
--

INSERT INTO `craft_sessions` (`id`, `userId`, `token`, `dateCreated`, `dateUpdated`, `uid`) VALUES ('1', '1', 'c9da078c3d6e05d37a4e4fe0ef9d6268546ee516czozNjoiNzY0OWNmYzQtN2M1NS00OWY1LTg4NTctNDFjNDZkZGNiZGEyIjs=', '2014-03-03 00:54:36', '2014-03-03 00:54:36', 'd7aea3e9-12d7-4a0d-8682-12edc2df4e20');
INSERT INTO `craft_sessions` (`id`, `userId`, `token`, `dateCreated`, `dateUpdated`, `uid`) VALUES ('2', '1', '558d3bd737efc9981e8c45c5da3b5481c0565e9dczozNjoiNDM1ZDdkZmQtNmQ0ZC00YzRhLWIxMTYtYWI5NTVlMDI1YTQ3Ijs=', '2014-03-09 15:35:33', '2014-03-09 15:35:33', '0864db1d-5a2e-46cd-b445-491c00bafa75');
INSERT INTO `craft_sessions` (`id`, `userId`, `token`, `dateCreated`, `dateUpdated`, `uid`) VALUES ('4', '1', '3e10b525a295b46f9c612006b283ace268dbc6c4czozNjoiYjNiZmY0ODYtNzVhOS00MDFmLWFmMGUtNzQwNWZiNTI4YmFhIjs=', '2014-03-21 13:18:41', '2014-03-21 13:18:41', 'd1b515ff-d106-4698-83ba-7509855f259d');
INSERT INTO `craft_sessions` (`id`, `userId`, `token`, `dateCreated`, `dateUpdated`, `uid`) VALUES ('5', '1', '25e43aca18323bbec2090223ef59517d48cb3e50czozNjoiZjZlNmMyZjUtYjlkNy00NGRkLWJiODYtNDZkOWY2YWQ4OGQ5Ijs=', '2014-03-23 22:47:53', '2014-03-23 22:47:53', '1a38c71e-e96a-4fb2-beb4-306abaed24a3');
INSERT INTO `craft_sessions` (`id`, `userId`, `token`, `dateCreated`, `dateUpdated`, `uid`) VALUES ('6', '1', '499b26a20784d1bc1d984038e00e2b2ee89a5894czozNjoiYWQwMDE5ZGYtMTYxZi00MTA3LTliNmQtMzRkNjVhZjc3ZDRlIjs=', '2014-03-24 13:11:08', '2014-03-24 13:11:08', '613d2f48-2573-4432-bf58-b683a1f42950');
INSERT INTO `craft_sessions` (`id`, `userId`, `token`, `dateCreated`, `dateUpdated`, `uid`) VALUES ('7', '1', '7c85cede915386852c29657303d700b8e77b0ffdczozNjoiY2Q3ODQxMjgtN2Q4OS00N2FkLTliYzItNWQyNTU3NWM2NjRhIjs=', '2014-03-25 02:10:24', '2014-03-25 02:10:24', 'ebeef357-0f1d-4dfa-870f-84a723e14fd3');
INSERT INTO `craft_sessions` (`id`, `userId`, `token`, `dateCreated`, `dateUpdated`, `uid`) VALUES ('8', '1', '8c51dc12cd926a4f5d5b9c718b642574b9f10e54czozNjoiNzJmYTJlZWEtYTE5Yy00MzlhLWJiNTctY2U1YzZmYzI3YWI1Ijs=', '2014-04-12 13:52:00', '2014-04-12 13:52:00', 'bd9eb832-c89b-45bd-84ee-01029f94f776');
INSERT INTO `craft_sessions` (`id`, `userId`, `token`, `dateCreated`, `dateUpdated`, `uid`) VALUES ('9', '1', 'db053e4c0d6a0414905fd1541af8813d65330d46czozNjoiMTg4NjJkZDAtODI3OS00ZGQ1LWE4ZTgtNzJmYWYyNzlkZGU5Ijs=', '2014-04-12 15:07:44', '2014-04-12 15:07:44', '6de1e108-da16-44e1-9de0-e83ca44c78f6');
INSERT INTO `craft_sessions` (`id`, `userId`, `token`, `dateCreated`, `dateUpdated`, `uid`) VALUES ('11', '1', '2b58e3d9d1ab683b9aa895fe936c98bb1819a47eczozNjoiYzI2NDBhNmItNDcyOC00YWQxLTk1NjQtNzg0ODNkZTg5ODI5Ijs=', '2014-04-14 13:35:44', '2014-04-14 13:35:44', 'b655b1a4-0bc8-4503-8009-a5498ad298d8');
INSERT INTO `craft_sessions` (`id`, `userId`, `token`, `dateCreated`, `dateUpdated`, `uid`) VALUES ('12', '1', '73ec3d8cdc1dc0a8ec98a76dd9ee0a608369ae1cczozNjoiNDM5Yjk0NDEtODBjYi00NWYyLWI5ZWUtNzRkZDdlZTBkZDc5Ijs=', '2014-04-15 00:24:51', '2014-04-15 00:24:51', 'e0c820ed-0628-44c5-abc0-5006cd4b3ed5');
INSERT INTO `craft_sessions` (`id`, `userId`, `token`, `dateCreated`, `dateUpdated`, `uid`) VALUES ('13', '1', 'e52f1c259fd729a5f798f2887f43a1c9691dd501czozNjoiOWQ0MGI5YjMtMTYyMy00YTgxLTkzOTgtZmRkN2FjZTlkYTJjIjs=', '2014-04-15 12:45:34', '2014-04-15 12:45:34', '791dec83-7478-4f7c-aa2e-3d7bef0233f4');
INSERT INTO `craft_sessions` (`id`, `userId`, `token`, `dateCreated`, `dateUpdated`, `uid`) VALUES ('14', '1', '50b783d900c3aba044df861ec2e8b674a5f19d6aczozNjoiOTk0ZGNhYjEtODEyNi00ODlhLTgzN2MtNmIyNzJkZTNiNTg4Ijs=', '2014-04-24 23:16:33', '2014-04-24 23:16:33', 'fee00a5e-1239-46d4-a03e-b65cdb44c044');
INSERT INTO `craft_sessions` (`id`, `userId`, `token`, `dateCreated`, `dateUpdated`, `uid`) VALUES ('15', '1', '9e5b867413ff42bd4ec51b81e0b72dba5806323eczozNjoiNDEyMWE5YzEtYTUyNi00NjZmLWI0ZTYtNTAyOWU0NDRhNzgwIjs=', '2014-05-12 13:08:16', '2014-05-12 13:08:16', '48488117-71cc-41dc-82d2-319f24d28cf4');
INSERT INTO `craft_sessions` (`id`, `userId`, `token`, `dateCreated`, `dateUpdated`, `uid`) VALUES ('16', '1', '28373c824d4d782289173e44c7830af9f51d039fczozNjoiM2IyOTA1NzEtMDM2MC00ZWQxLTkyMzctZDJmNmM1OGQ0MzkxIjs=', '2014-05-17 21:19:11', '2014-05-17 21:19:11', '28b42d52-ceb7-4367-9a88-b457ca36d7ca');
INSERT INTO `craft_sessions` (`id`, `userId`, `token`, `dateCreated`, `dateUpdated`, `uid`) VALUES ('17', '1', '633762126130e83c9ace37cc27a88b0841ba05a0czozNjoiMDhlYmM3NGQtMDU4NC00ODMzLWE1NTAtNzY0MzBiZTQyYzMyIjs=', '2014-05-21 23:03:43', '2014-05-21 23:03:43', '3fc062ec-4abc-4d42-9b48-d44767b31202');
INSERT INTO `craft_sessions` (`id`, `userId`, `token`, `dateCreated`, `dateUpdated`, `uid`) VALUES ('18', '1', 'eae40fec63e9c7aad38bd8d400b56b3a8f489e3fczozNjoiNTZjYjA3NTgtMmI2Ny00NDlkLTgzZWYtZWFlY2FkYzM3ZmQ2Ijs=', '2014-06-03 13:34:01', '2014-06-03 13:34:01', '4907c353-4656-447b-93fe-31b01d1ed6d6');
INSERT INTO `craft_sessions` (`id`, `userId`, `token`, `dateCreated`, `dateUpdated`, `uid`) VALUES ('19', '1', '976bebdc898fde71ed72794e072229dc6f136b2fczozNjoiZjM3ZmMwZGQtMzEwNS00OWIzLWFhYzEtZmYyN2I1ZThlODVjIjs=', '2014-06-07 14:09:20', '2014-06-07 14:09:20', '9af227ed-cf64-4465-8d36-b16363604504');
INSERT INTO `craft_sessions` (`id`, `userId`, `token`, `dateCreated`, `dateUpdated`, `uid`) VALUES ('20', '1', '4609cf3381844ed9b43cbb3e7d03948846b87c2dczozNjoiNjVjMGQ5NGItNjdlMC00NzNjLWIwMzctN2UyNDI0NzQyMWMxIjs=', '2014-06-13 14:15:43', '2014-06-13 14:15:43', '93281c2c-5ebb-4302-98ee-a12a77c89ab9');
INSERT INTO `craft_sessions` (`id`, `userId`, `token`, `dateCreated`, `dateUpdated`, `uid`) VALUES ('21', '1', 'fac53e1f5f5818765b758c37dd617610b16484e0czozNjoiNWIzMTQ3NDMtOTkxOC00M2ViLTk3MTItZmQ0NDI4NWUwZjBmIjs=', '2014-06-14 13:52:28', '2014-06-14 13:52:28', '9df5bb39-2e4a-4ccf-81dc-e0e50c88660b');
INSERT INTO `craft_sessions` (`id`, `userId`, `token`, `dateCreated`, `dateUpdated`, `uid`) VALUES ('22', '1', '70b146b2d1801decd6d3535d12364fc1cfe2c1d5czozNjoiNDUwZThkNWQtYWU5Zi00YzYxLThhNDYtYWVkNDBlYmIwNDQ0Ijs=', '2014-06-15 15:37:30', '2014-06-15 15:37:30', 'f646352f-17c7-4319-9810-5d175a4e5a95');
INSERT INTO `craft_sessions` (`id`, `userId`, `token`, `dateCreated`, `dateUpdated`, `uid`) VALUES ('23', '1', '8b7a989556f3b62bd35c834bfd5904ede3951e2aczozNjoiZGUyMDBiZDEtZGIzMC00YmI0LWFiNzUtY2U3ZWEyOWI3ZGViIjs=', '2014-06-20 12:55:54', '2014-06-20 12:55:54', '58f8f350-082b-4ec3-95f3-86f55fe5a723');
INSERT INTO `craft_sessions` (`id`, `userId`, `token`, `dateCreated`, `dateUpdated`, `uid`) VALUES ('24', '1', '6fd5a51ddba3d294a58f6b21c6e714c0ddd0274fczozNjoiYThhMjUyMzMtMTg4Ny00MTg2LWFlZTYtODhkNDE4OTM1YmUwIjs=', '2014-06-21 15:18:05', '2014-06-21 15:18:05', '2093550d-a1c3-4d41-8ee9-7081e7f775db');
INSERT INTO `craft_sessions` (`id`, `userId`, `token`, `dateCreated`, `dateUpdated`, `uid`) VALUES ('25', '1', 'eda487916a57df8725e8919ede8ff8fb7a908666czozNjoiYmM2NDVhNzAtMjUyMC00OWUyLTk4ZDgtMzExOTkwYjRhMzViIjs=', '2014-07-08 12:33:59', '2014-07-08 12:33:59', '78a7f1f6-7703-4ead-a84f-39c97bdd1c21');
INSERT INTO `craft_sessions` (`id`, `userId`, `token`, `dateCreated`, `dateUpdated`, `uid`) VALUES ('26', '1', '1103742418d9ad484fd13345ccb5e957f886b0a1czozNjoiN2Y1N2Y1ZWYtYTZhNS00MjFiLTg4YzQtZmIyZjdiNGJiM2JkIjs=', '2014-07-10 01:03:30', '2014-07-10 01:03:30', 'f47779bf-7c1f-4a6d-a14c-a17a0cf34989');
INSERT INTO `craft_sessions` (`id`, `userId`, `token`, `dateCreated`, `dateUpdated`, `uid`) VALUES ('27', '1', 'b8e6bbbb4c8bdb6ac4a7ce74b587f290ba424295czozNjoiOTYzZDk0NWYtNDc1MC00NjI3LTkwNzItYWE1ZmM0MWRkNjBjIjs=', '2014-07-10 12:58:05', '2014-07-10 12:58:05', '14af0555-3a72-4d47-84d4-fc9556e1a0a3');
INSERT INTO `craft_sessions` (`id`, `userId`, `token`, `dateCreated`, `dateUpdated`, `uid`) VALUES ('28', '1', '46402a12ee76ed4151afd1c97d407d593c2e4660czozNjoiYmJlYzljNWUtYjgwZC00ZjI5LTkwMjMtYWJiM2QxNjgyMWI1Ijs=', '2014-07-26 16:04:10', '2014-07-26 16:04:10', '11d3df10-226f-44a3-8fe2-741b85a4fbdc');
INSERT INTO `craft_sessions` (`id`, `userId`, `token`, `dateCreated`, `dateUpdated`, `uid`) VALUES ('29', '1', '9bdf1dcc56d38f01ac53a560d5529ca2ba9a2cf5czozNjoiNDM3NjUzOTQtNDAwOS00NzRjLWIzMmItNmRlMzAzN2YxYTVlIjs=', '2014-07-27 15:25:19', '2014-07-27 15:25:19', 'b2577353-1d48-446c-8280-7265f9cb5d42');



--
-- Schema for table `craft_shunnedmessages`
--

DROP TABLE IF EXISTS `craft_shunnedmessages`;

CREATE TABLE `craft_shunnedmessages` (
  `id` int(11) NOT NULL AUTO_INCREMENT,
  `userId` int(11) NOT NULL,
  `message` varchar(255) COLLATE utf8_unicode_ci NOT NULL,
  `expiryDate` datetime DEFAULT NULL,
  `dateCreated` datetime NOT NULL,
  `dateUpdated` datetime NOT NULL,
  `uid` char(36) COLLATE utf8_unicode_ci NOT NULL DEFAULT '0',
  PRIMARY KEY (`id`),
  UNIQUE KEY `craft_shunnedmessages_userId_message_unq_idx` (`userId`,`message`)
) ENGINE=InnoDB DEFAULT CHARSET=utf8 COLLATE=utf8_unicode_ci;

--
-- Schema for table `craft_structureelements`
--

DROP TABLE IF EXISTS `craft_structureelements`;

CREATE TABLE `craft_structureelements` (
  `id` int(11) NOT NULL AUTO_INCREMENT,
  `structureId` int(11) NOT NULL,
  `elementId` int(11) DEFAULT NULL,
  `root` int(10) unsigned DEFAULT NULL,
  `lft` int(10) unsigned NOT NULL,
  `rgt` int(10) unsigned NOT NULL,
  `level` smallint(6) unsigned NOT NULL,
  `dateCreated` datetime NOT NULL,
  `dateUpdated` datetime NOT NULL,
  `uid` char(36) COLLATE utf8_unicode_ci NOT NULL DEFAULT '0',
  PRIMARY KEY (`id`),
  UNIQUE KEY `craft_structureelements_structureId_elementId_unq_idx` (`structureId`,`elementId`),
  KEY `craft_structureelements_root_idx` (`root`),
  KEY `craft_structureelements_lft_idx` (`lft`),
  KEY `craft_structureelements_rgt_idx` (`rgt`),
  KEY `craft_structureelements_level_idx` (`level`),
  KEY `craft_structureelements_elementId_fk` (`elementId`)
) ENGINE=InnoDB DEFAULT CHARSET=utf8 COLLATE=utf8_unicode_ci;

--
-- Schema for table `craft_structures`
--

DROP TABLE IF EXISTS `craft_structures`;

CREATE TABLE `craft_structures` (
  `id` int(11) NOT NULL AUTO_INCREMENT,
  `maxLevels` smallint(6) unsigned DEFAULT NULL,
  `movePermission` varchar(255) COLLATE utf8_unicode_ci DEFAULT NULL,
  `dateCreated` datetime NOT NULL,
  `dateUpdated` datetime NOT NULL,
  `uid` char(36) COLLATE utf8_unicode_ci NOT NULL DEFAULT '0',
  PRIMARY KEY (`id`)
) ENGINE=InnoDB DEFAULT CHARSET=utf8 COLLATE=utf8_unicode_ci;

--
-- Schema for table `craft_systemsettings`
--

DROP TABLE IF EXISTS `craft_systemsettings`;

CREATE TABLE `craft_systemsettings` (
  `id` int(11) NOT NULL AUTO_INCREMENT,
  `category` varchar(15) COLLATE utf8_unicode_ci NOT NULL,
  `settings` text COLLATE utf8_unicode_ci,
  `dateCreated` datetime NOT NULL,
  `dateUpdated` datetime NOT NULL,
  `uid` char(36) COLLATE utf8_unicode_ci NOT NULL DEFAULT '0',
  PRIMARY KEY (`id`),
  UNIQUE KEY `craft_systemsettings_category_unq_idx` (`category`)
) ENGINE=InnoDB AUTO_INCREMENT=2 DEFAULT CHARSET=utf8 COLLATE=utf8_unicode_ci;

--
-- Data for table `craft_systemsettings`
--

INSERT INTO `craft_systemsettings` (`id`, `category`, `settings`, `dateCreated`, `dateUpdated`, `uid`) VALUES ('1', 'email', '{\"protocol\":\"php\",\"emailAddress\":\"bcfeeney@gmail.com\",\"senderName\":\"ClayFain\"}', '2014-03-03 00:54:36', '2014-03-03 00:54:36', 'eb08a48a-e937-4205-a0e9-2ca1e286e4a5');



--
-- Schema for table `craft_taggroups`
--

DROP TABLE IF EXISTS `craft_taggroups`;

CREATE TABLE `craft_taggroups` (
  `id` int(11) NOT NULL AUTO_INCREMENT,
  `name` varchar(255) COLLATE utf8_unicode_ci NOT NULL,
  `handle` varchar(255) COLLATE utf8_unicode_ci NOT NULL,
  `fieldLayoutId` int(10) DEFAULT NULL,
  `dateCreated` datetime NOT NULL,
  `dateUpdated` datetime NOT NULL,
  `uid` char(36) COLLATE utf8_unicode_ci NOT NULL DEFAULT '0',
  PRIMARY KEY (`id`),
  UNIQUE KEY `craft_taggroups_name_unq_idx` (`name`),
  UNIQUE KEY `craft_taggroups_handle_unq_idx` (`handle`),
  KEY `craft_taggroups_fieldLayoutId_idx` (`fieldLayoutId`)
) ENGINE=InnoDB AUTO_INCREMENT=2 DEFAULT CHARSET=utf8 COLLATE=utf8_unicode_ci;

--
-- Data for table `craft_taggroups`
--

INSERT INTO `craft_taggroups` (`id`, `name`, `handle`, `fieldLayoutId`, `dateCreated`, `dateUpdated`, `uid`) VALUES ('1', 'Default', 'default', '1', '2014-03-03 00:54:36', '2014-03-03 00:54:36', 'f55b6823-d816-4aae-b8f7-e6d9527a9980');



--
-- Schema for table `craft_tags`
--

DROP TABLE IF EXISTS `craft_tags`;

CREATE TABLE `craft_tags` (
  `id` int(11) NOT NULL,
  `groupId` int(11) NOT NULL,
  `name` varchar(255) COLLATE utf8_unicode_ci NOT NULL,
  `dateCreated` datetime NOT NULL,
  `dateUpdated` datetime NOT NULL,
  `uid` char(36) COLLATE utf8_unicode_ci NOT NULL DEFAULT '0',
  PRIMARY KEY (`id`),
  UNIQUE KEY `craft_tags_groupId_name_unq_idx` (`groupId`,`name`)
) ENGINE=InnoDB DEFAULT CHARSET=utf8 COLLATE=utf8_unicode_ci;

--
-- Data for table `craft_tags`
--

INSERT INTO `craft_tags` (`id`, `groupId`, `name`, `dateCreated`, `dateUpdated`, `uid`) VALUES ('4', '1', 'love', '2014-03-09 15:55:29', '2014-03-09 15:55:29', 'e870128e-1cc2-4e56-89b1-4a8a2365059f');
INSERT INTO `craft_tags` (`id`, `groupId`, `name`, `dateCreated`, `dateUpdated`, `uid`) VALUES ('5', '1', 'ballad', '2014-03-09 15:55:29', '2014-03-09 15:55:29', '8f12287c-f8f4-4f42-8d43-e8fa3572e8b5');
INSERT INTO `craft_tags` (`id`, `groupId`, `name`, `dateCreated`, `dateUpdated`, `uid`) VALUES ('13', '1', 'breakup', '2014-04-15 00:44:19', '2014-04-15 00:44:19', 'd41ddb3e-f11f-4024-8d09-bb4c53cb0e54');
INSERT INTO `craft_tags` (`id`, `groupId`, `name`, `dateCreated`, `dateUpdated`, `uid`) VALUES ('14', '1', 'nyc', '2014-04-15 00:44:19', '2014-04-15 00:44:19', '177745c7-9a36-44f7-bf50-471ab5f335b3');



--
-- Schema for table `craft_tasks`
--

DROP TABLE IF EXISTS `craft_tasks`;

CREATE TABLE `craft_tasks` (
  `id` int(11) NOT NULL AUTO_INCREMENT,
  `root` int(11) unsigned DEFAULT NULL,
  `lft` int(11) unsigned NOT NULL,
  `rgt` int(11) unsigned NOT NULL,
  `level` smallint(6) unsigned NOT NULL,
  `currentStep` int(11) unsigned DEFAULT NULL,
  `totalSteps` int(11) unsigned DEFAULT NULL,
  `status` enum('pending','error','running') COLLATE utf8_unicode_ci DEFAULT NULL,
  `type` varchar(150) COLLATE utf8_unicode_ci NOT NULL,
  `description` varchar(255) COLLATE utf8_unicode_ci DEFAULT NULL,
  `settings` text COLLATE utf8_unicode_ci NOT NULL,
  `dateCreated` datetime NOT NULL,
  `dateUpdated` datetime NOT NULL,
  `uid` char(36) COLLATE utf8_unicode_ci NOT NULL DEFAULT '0',
  PRIMARY KEY (`id`),
  KEY `craft_tasks_root_idx` (`root`),
  KEY `craft_tasks_lft_idx` (`lft`),
  KEY `craft_tasks_rgt_idx` (`rgt`),
  KEY `craft_tasks_level_idx` (`level`)
) ENGINE=InnoDB DEFAULT CHARSET=utf8 COLLATE=utf8_unicode_ci;

--
-- Schema for table `craft_templatecachecriteria`
--

DROP TABLE IF EXISTS `craft_templatecachecriteria`;

CREATE TABLE `craft_templatecachecriteria` (
  `id` int(11) NOT NULL AUTO_INCREMENT,
  `cacheId` int(11) NOT NULL,
  `type` varchar(150) COLLATE utf8_unicode_ci NOT NULL,
  `criteria` text COLLATE utf8_unicode_ci NOT NULL,
  PRIMARY KEY (`id`),
  KEY `craft_templatecachecriteria_cacheId_fk` (`cacheId`),
  KEY `craft_templatecachecriteria_type_idx` (`type`)
) ENGINE=InnoDB DEFAULT CHARSET=utf8 COLLATE=utf8_unicode_ci;

--
-- Schema for table `craft_templatecacheelements`
--

DROP TABLE IF EXISTS `craft_templatecacheelements`;

CREATE TABLE `craft_templatecacheelements` (
  `cacheId` int(11) NOT NULL,
  `elementId` int(11) NOT NULL,
  KEY `craft_templatecacheelements_cacheId_fk` (`cacheId`),
  KEY `craft_templatecacheelements_elementId_fk` (`elementId`)
) ENGINE=InnoDB DEFAULT CHARSET=utf8 COLLATE=utf8_unicode_ci;

--
-- Schema for table `craft_templatecaches`
--

DROP TABLE IF EXISTS `craft_templatecaches`;

CREATE TABLE `craft_templatecaches` (
  `id` int(11) NOT NULL AUTO_INCREMENT,
  `cacheKey` varchar(36) COLLATE utf8_unicode_ci NOT NULL,
  `locale` char(12) COLLATE utf8_unicode_ci NOT NULL,
  `path` varchar(255) COLLATE utf8_unicode_ci DEFAULT NULL,
  `expiryDate` datetime NOT NULL,
  `body` mediumtext COLLATE utf8_unicode_ci NOT NULL,
  PRIMARY KEY (`id`),
  KEY `craft_templatecaches_expiryDate_cacheKey_locale_path_idx` (`expiryDate`,`cacheKey`,`locale`,`path`),
  KEY `craft_templatecaches_locale_fk` (`locale`)
) ENGINE=InnoDB DEFAULT CHARSET=utf8 COLLATE=utf8_unicode_ci;

--
-- Schema for table `craft_tokens`
--

DROP TABLE IF EXISTS `craft_tokens`;

CREATE TABLE `craft_tokens` (
  `id` int(11) NOT NULL AUTO_INCREMENT,
  `token` char(32) COLLATE utf8_unicode_ci NOT NULL,
  `route` text COLLATE utf8_unicode_ci,
  `usageLimit` tinyint(3) unsigned DEFAULT NULL,
  `usageCount` tinyint(3) unsigned DEFAULT NULL,
  `expiryDate` datetime NOT NULL,
  `dateCreated` datetime NOT NULL,
  `dateUpdated` datetime NOT NULL,
  `uid` char(36) COLLATE utf8_unicode_ci NOT NULL DEFAULT '0',
  PRIMARY KEY (`id`),
  UNIQUE KEY `craft_tokens_token_unq_idx` (`token`),
  KEY `craft_tokens_expiryDate_idx` (`expiryDate`)
) ENGINE=InnoDB DEFAULT CHARSET=utf8 COLLATE=utf8_unicode_ci;

--
-- Schema for table `craft_usergroups`
--

DROP TABLE IF EXISTS `craft_usergroups`;

CREATE TABLE `craft_usergroups` (
  `id` int(11) NOT NULL AUTO_INCREMENT,
  `name` varchar(255) COLLATE utf8_unicode_ci NOT NULL,
  `handle` varchar(255) COLLATE utf8_unicode_ci NOT NULL,
  `dateCreated` datetime NOT NULL,
  `dateUpdated` datetime NOT NULL,
  `uid` char(36) COLLATE utf8_unicode_ci NOT NULL DEFAULT '0',
  PRIMARY KEY (`id`)
) ENGINE=InnoDB DEFAULT CHARSET=utf8 COLLATE=utf8_unicode_ci;

--
-- Schema for table `craft_usergroups_users`
--

DROP TABLE IF EXISTS `craft_usergroups_users`;

CREATE TABLE `craft_usergroups_users` (
  `id` int(11) NOT NULL AUTO_INCREMENT,
  `groupId` int(11) NOT NULL,
  `userId` int(11) NOT NULL,
  `dateCreated` datetime NOT NULL,
  `dateUpdated` datetime NOT NULL,
  `uid` char(36) COLLATE utf8_unicode_ci NOT NULL DEFAULT '0',
  PRIMARY KEY (`id`),
  UNIQUE KEY `craft_usergroups_users_groupId_userId_unq_idx` (`groupId`,`userId`),
  KEY `craft_usergroups_users_userId_fk` (`userId`)
) ENGINE=InnoDB DEFAULT CHARSET=utf8 COLLATE=utf8_unicode_ci;

--
-- Schema for table `craft_userpermissions`
--

DROP TABLE IF EXISTS `craft_userpermissions`;

CREATE TABLE `craft_userpermissions` (
  `id` int(11) NOT NULL AUTO_INCREMENT,
  `name` varchar(255) COLLATE utf8_unicode_ci NOT NULL,
  `dateCreated` datetime NOT NULL,
  `dateUpdated` datetime NOT NULL,
  `uid` char(36) COLLATE utf8_unicode_ci NOT NULL DEFAULT '0',
  PRIMARY KEY (`id`),
  UNIQUE KEY `craft_userpermissions_name_unq_idx` (`name`)
) ENGINE=InnoDB DEFAULT CHARSET=utf8 COLLATE=utf8_unicode_ci;

--
-- Schema for table `craft_userpermissions_usergroups`
--

DROP TABLE IF EXISTS `craft_userpermissions_usergroups`;

CREATE TABLE `craft_userpermissions_usergroups` (
  `id` int(11) NOT NULL AUTO_INCREMENT,
  `permissionId` int(11) NOT NULL,
  `groupId` int(11) NOT NULL,
  `dateCreated` datetime NOT NULL,
  `dateUpdated` datetime NOT NULL,
  `uid` char(36) COLLATE utf8_unicode_ci NOT NULL DEFAULT '0',
  PRIMARY KEY (`id`),
  UNIQUE KEY `craft_userpermissions_usergroups_permissionId_groupId_unq_idx` (`permissionId`,`groupId`),
  KEY `craft_userpermissions_usergroups_groupId_fk` (`groupId`)
) ENGINE=InnoDB DEFAULT CHARSET=utf8 COLLATE=utf8_unicode_ci;

--
-- Schema for table `craft_userpermissions_users`
--

DROP TABLE IF EXISTS `craft_userpermissions_users`;

CREATE TABLE `craft_userpermissions_users` (
  `id` int(11) NOT NULL AUTO_INCREMENT,
  `permissionId` int(11) NOT NULL,
  `userId` int(11) NOT NULL,
  `dateCreated` datetime NOT NULL,
  `dateUpdated` datetime NOT NULL,
  `uid` char(36) COLLATE utf8_unicode_ci NOT NULL DEFAULT '0',
  PRIMARY KEY (`id`),
  UNIQUE KEY `craft_userpermissions_users_permissionId_userId_unq_idx` (`permissionId`,`userId`),
  KEY `craft_userpermissions_users_userId_fk` (`userId`)
) ENGINE=InnoDB DEFAULT CHARSET=utf8 COLLATE=utf8_unicode_ci;

--
-- Schema for table `craft_users`
--

DROP TABLE IF EXISTS `craft_users`;

CREATE TABLE `craft_users` (
  `id` int(11) NOT NULL,
  `username` varchar(100) COLLATE utf8_unicode_ci NOT NULL,
  `photo` varchar(50) COLLATE utf8_unicode_ci DEFAULT NULL,
  `firstName` varchar(100) COLLATE utf8_unicode_ci DEFAULT NULL,
  `lastName` varchar(100) COLLATE utf8_unicode_ci DEFAULT NULL,
  `email` varchar(255) COLLATE utf8_unicode_ci NOT NULL,
  `password` char(255) COLLATE utf8_unicode_ci DEFAULT NULL,
  `preferredLocale` char(12) COLLATE utf8_unicode_ci DEFAULT NULL,
  `admin` tinyint(1) unsigned NOT NULL DEFAULT '0',
  `client` tinyint(1) NOT NULL,
  `status` enum('locked','suspended','pending','active','archived') COLLATE utf8_unicode_ci DEFAULT 'pending',
  `lastLoginDate` datetime DEFAULT NULL,
  `lastLoginAttemptIPAddress` varchar(45) COLLATE utf8_unicode_ci DEFAULT NULL,
  `invalidLoginWindowStart` datetime DEFAULT NULL,
  `invalidLoginCount` tinyint(4) unsigned DEFAULT NULL,
  `lastInvalidLoginDate` datetime DEFAULT NULL,
  `lockoutDate` datetime DEFAULT NULL,
  `verificationCode` char(100) COLLATE utf8_unicode_ci DEFAULT NULL,
  `verificationCodeIssuedDate` datetime DEFAULT NULL,
  `unverifiedEmail` varchar(255) COLLATE utf8_unicode_ci DEFAULT NULL,
  `passwordResetRequired` tinyint(1) unsigned NOT NULL DEFAULT '0',
  `lastPasswordChangeDate` datetime DEFAULT NULL,
  `dateCreated` datetime NOT NULL,
  `dateUpdated` datetime NOT NULL,
  `uid` char(36) COLLATE utf8_unicode_ci NOT NULL DEFAULT '0',
  PRIMARY KEY (`id`),
  UNIQUE KEY `craft_users_username_unq_idx` (`username`),
  UNIQUE KEY `craft_users_email_unq_idx` (`email`),
  KEY `craft_users_verificationCode_idx` (`verificationCode`),
  KEY `craft_users_uid_idx` (`uid`),
  KEY `craft_users_preferredLocale_fk` (`preferredLocale`)
) ENGINE=InnoDB DEFAULT CHARSET=utf8 COLLATE=utf8_unicode_ci;

--
-- Data for table `craft_users`
--

INSERT INTO `craft_users` (`id`, `username`, `photo`, `firstName`, `lastName`, `email`, `password`, `preferredLocale`, `admin`, `client`, `status`, `lastLoginDate`, `lastLoginAttemptIPAddress`, `invalidLoginWindowStart`, `invalidLoginCount`, `lastInvalidLoginDate`, `lockoutDate`, `verificationCode`, `verificationCodeIssuedDate`, `unverifiedEmail`, `passwordResetRequired`, `lastPasswordChangeDate`, `dateCreated`, `dateUpdated`, `uid`) VALUES ('1', 'Clay', NULL, NULL, NULL, 'bcfeeney@gmail.com', '$2a$13$3cHK./wmm.quQHV6W6r9JOlx6pzYvFun/qzTnAjb4Oy10pn36.34u', NULL, '1', '0', 'active', '2014-07-27 15:25:18', '127.0.0.1', NULL, NULL, '2014-03-09 17:43:45', '2014-03-09 15:33:45', NULL, NULL, NULL, '0', '2014-03-09 15:35:18', '2014-03-03 00:54:33', '2014-07-27 15:25:19', '38731fee-43bc-4cbf-b6de-bf2dbfe8048f');



--
-- Schema for table `craft_widgets`
--

DROP TABLE IF EXISTS `craft_widgets`;

CREATE TABLE `craft_widgets` (
  `id` int(11) NOT NULL AUTO_INCREMENT,
  `userId` int(11) NOT NULL,
  `type` varchar(150) COLLATE utf8_unicode_ci NOT NULL,
  `sortOrder` tinyint(4) DEFAULT NULL,
  `settings` text COLLATE utf8_unicode_ci,
  `enabled` tinyint(1) unsigned NOT NULL DEFAULT '1',
  `dateCreated` datetime NOT NULL,
  `dateUpdated` datetime NOT NULL,
  `uid` char(36) COLLATE utf8_unicode_ci NOT NULL DEFAULT '0',
  PRIMARY KEY (`id`),
  KEY `craft_widgets_userId_fk` (`userId`)
) ENGINE=InnoDB AUTO_INCREMENT=7 DEFAULT CHARSET=utf8 COLLATE=utf8_unicode_ci;

--
-- Data for table `craft_widgets`
--

INSERT INTO `craft_widgets` (`id`, `userId`, `type`, `sortOrder`, `settings`, `enabled`, `dateCreated`, `dateUpdated`, `uid`) VALUES ('1', '1', 'QuickPost', '1', '{\"section\":\"2\"}', '1', '2014-03-03 00:54:43', '2014-03-03 00:54:43', '3ae793c0-f9ad-4b20-a93c-d4f71d00bddf');
INSERT INTO `craft_widgets` (`id`, `userId`, `type`, `sortOrder`, `settings`, `enabled`, `dateCreated`, `dateUpdated`, `uid`) VALUES ('2', '1', 'RecentEntries', '2', NULL, '1', '2014-03-03 00:54:43', '2014-03-03 00:54:43', 'b1fde5aa-b5b3-43c3-a4f2-3bc1c8db5180');
INSERT INTO `craft_widgets` (`id`, `userId`, `type`, `sortOrder`, `settings`, `enabled`, `dateCreated`, `dateUpdated`, `uid`) VALUES ('3', '1', 'GetHelp', '3', '[]', '0', '2014-03-03 00:54:43', '2014-03-10 02:53:01', '2aeb7f6a-94cc-4f4b-ad19-7dca0ee8e6a0');
INSERT INTO `craft_widgets` (`id`, `userId`, `type`, `sortOrder`, `settings`, `enabled`, `dateCreated`, `dateUpdated`, `uid`) VALUES ('4', '1', 'Updates', '4', NULL, '1', '2014-03-03 00:54:43', '2014-03-03 00:54:43', 'f4fe5ee2-ee9e-4d0c-8a38-e1cba20ad663');
INSERT INTO `craft_widgets` (`id`, `userId`, `type`, `sortOrder`, `settings`, `enabled`, `dateCreated`, `dateUpdated`, `uid`) VALUES ('5', '1', 'Feed', '5', '{\"url\":\"http:\\/\\/feeds.feedburner.com\\/blogandtonic\",\"title\":\"Blog & Tonic\"}', '0', '2014-03-03 00:54:43', '2014-03-10 02:52:54', 'e2dc7094-1f6a-4843-a447-bb4ec5754ef7');
INSERT INTO `craft_widgets` (`id`, `userId`, `type`, `sortOrder`, `settings`, `enabled`, `dateCreated`, `dateUpdated`, `uid`) VALUES ('6', '1', 'GetHelp', '6', NULL, '1', '2014-05-12 13:08:37', '2014-05-12 13:08:37', '72610794-226c-4e64-bbe5-8fad6d80ace8');


--
-- Constraints for tables
--


--
-- Constraints for table `craft_assetfiles`
--
ALTER TABLE `craft_assetfiles`
	ADD CONSTRAINT `craft_assetfiles_folderId_fk` FOREIGN KEY (`folderId`) REFERENCES `craft_assetfolders` (`id`) ON DELETE CASCADE,
	ADD CONSTRAINT `craft_assetfiles_id_fk` FOREIGN KEY (`id`) REFERENCES `craft_elements` (`id`) ON DELETE CASCADE,
	ADD CONSTRAINT `craft_assetfiles_sourceId_fk` FOREIGN KEY (`sourceId`) REFERENCES `craft_assetsources` (`id`) ON DELETE CASCADE;

--
-- Constraints for table `craft_assetfolders`
--
ALTER TABLE `craft_assetfolders`
	ADD CONSTRAINT `craft_assetfolders_parentId_fk` FOREIGN KEY (`parentId`) REFERENCES `craft_assetfolders` (`id`) ON DELETE CASCADE,
	ADD CONSTRAINT `craft_assetfolders_sourceId_fk` FOREIGN KEY (`sourceId`) REFERENCES `craft_assetsources` (`id`) ON DELETE CASCADE;

--
-- Constraints for table `craft_assetindexdata`
--
ALTER TABLE `craft_assetindexdata`
	ADD CONSTRAINT `craft_assetindexdata_sourceId_fk` FOREIGN KEY (`sourceId`) REFERENCES `craft_assetsources` (`id`) ON DELETE CASCADE;

--
-- Constraints for table `craft_assetsources`
--
ALTER TABLE `craft_assetsources`
	ADD CONSTRAINT `craft_assetsources_fieldLayoutId_fk` FOREIGN KEY (`fieldLayoutId`) REFERENCES `craft_fieldlayouts` (`id`) ON DELETE SET NULL;

--
-- Constraints for table `craft_categories`
--
ALTER TABLE `craft_categories`
	ADD CONSTRAINT `craft_categories_groupId_fk` FOREIGN KEY (`groupId`) REFERENCES `craft_categorygroups` (`id`) ON DELETE CASCADE,
	ADD CONSTRAINT `craft_categories_id_fk` FOREIGN KEY (`id`) REFERENCES `craft_elements` (`id`) ON DELETE CASCADE;

--
-- Constraints for table `craft_categorygroups`
--
ALTER TABLE `craft_categorygroups`
	ADD CONSTRAINT `craft_categorygroups_fieldLayoutId_fk` FOREIGN KEY (`fieldLayoutId`) REFERENCES `craft_fieldlayouts` (`id`) ON DELETE SET NULL,
	ADD CONSTRAINT `craft_categorygroups_structureId_fk` FOREIGN KEY (`structureId`) REFERENCES `craft_structures` (`id`) ON DELETE CASCADE;

--
-- Constraints for table `craft_categorygroups_i18n`
--
ALTER TABLE `craft_categorygroups_i18n`
	ADD CONSTRAINT `craft_categorygroups_i18n_groupId_fk` FOREIGN KEY (`groupId`) REFERENCES `craft_categorygroups` (`id`) ON DELETE CASCADE,
	ADD CONSTRAINT `craft_categorygroups_i18n_locale_fk` FOREIGN KEY (`locale`) REFERENCES `craft_locales` (`locale`) ON DELETE CASCADE ON UPDATE CASCADE;

--
-- Constraints for table `craft_content`
--
ALTER TABLE `craft_content`
	ADD CONSTRAINT `craft_content_elementId_fk` FOREIGN KEY (`elementId`) REFERENCES `craft_elements` (`id`) ON DELETE CASCADE,
	ADD CONSTRAINT `craft_content_locale_fk` FOREIGN KEY (`locale`) REFERENCES `craft_locales` (`locale`) ON DELETE CASCADE ON UPDATE CASCADE;

--
-- Constraints for table `craft_elements_i18n`
--
ALTER TABLE `craft_elements_i18n`
	ADD CONSTRAINT `craft_elements_i18n_elementId_fk` FOREIGN KEY (`elementId`) REFERENCES `craft_elements` (`id`) ON DELETE CASCADE,
	ADD CONSTRAINT `craft_elements_i18n_locale_fk` FOREIGN KEY (`locale`) REFERENCES `craft_locales` (`locale`) ON DELETE CASCADE ON UPDATE CASCADE;

--
-- Constraints for table `craft_emailmessages`
--
ALTER TABLE `craft_emailmessages`
	ADD CONSTRAINT `craft_emailmessages_locale_fk` FOREIGN KEY (`locale`) REFERENCES `craft_locales` (`locale`) ON DELETE CASCADE ON UPDATE CASCADE;

--
-- Constraints for table `craft_entries`
--
ALTER TABLE `craft_entries`
	ADD CONSTRAINT `craft_entries_authorId_fk` FOREIGN KEY (`authorId`) REFERENCES `craft_users` (`id`) ON DELETE CASCADE,
	ADD CONSTRAINT `craft_entries_id_fk` FOREIGN KEY (`id`) REFERENCES `craft_elements` (`id`) ON DELETE CASCADE,
	ADD CONSTRAINT `craft_entries_sectionId_fk` FOREIGN KEY (`sectionId`) REFERENCES `craft_sections` (`id`) ON DELETE CASCADE,
	ADD CONSTRAINT `craft_entries_typeId_fk` FOREIGN KEY (`typeId`) REFERENCES `craft_entrytypes` (`id`) ON DELETE CASCADE;

--
-- Constraints for table `craft_entrydrafts`
--
ALTER TABLE `craft_entrydrafts`
	ADD CONSTRAINT `craft_entrydrafts_creatorId_fk` FOREIGN KEY (`creatorId`) REFERENCES `craft_users` (`id`) ON DELETE CASCADE,
	ADD CONSTRAINT `craft_entrydrafts_entryId_fk` FOREIGN KEY (`entryId`) REFERENCES `craft_entries` (`id`) ON DELETE CASCADE,
	ADD CONSTRAINT `craft_entrydrafts_locale_fk` FOREIGN KEY (`locale`) REFERENCES `craft_locales` (`locale`) ON DELETE CASCADE ON UPDATE CASCADE,
	ADD CONSTRAINT `craft_entrydrafts_sectionId_fk` FOREIGN KEY (`sectionId`) REFERENCES `craft_sections` (`id`) ON DELETE CASCADE;

--
-- Constraints for table `craft_entrytypes`
--
ALTER TABLE `craft_entrytypes`
	ADD CONSTRAINT `craft_entrytypes_fieldLayoutId_fk` FOREIGN KEY (`fieldLayoutId`) REFERENCES `craft_fieldlayouts` (`id`) ON DELETE SET NULL,
	ADD CONSTRAINT `craft_entrytypes_sectionId_fk` FOREIGN KEY (`sectionId`) REFERENCES `craft_sections` (`id`) ON DELETE CASCADE;

--
-- Constraints for table `craft_entryversions`
--
ALTER TABLE `craft_entryversions`
	ADD CONSTRAINT `craft_entryversions_creatorId_fk` FOREIGN KEY (`creatorId`) REFERENCES `craft_users` (`id`) ON DELETE SET NULL,
	ADD CONSTRAINT `craft_entryversions_entryId_fk` FOREIGN KEY (`entryId`) REFERENCES `craft_entries` (`id`) ON DELETE CASCADE,
	ADD CONSTRAINT `craft_entryversions_locale_fk` FOREIGN KEY (`locale`) REFERENCES `craft_locales` (`locale`) ON DELETE CASCADE ON UPDATE CASCADE,
	ADD CONSTRAINT `craft_entryversions_sectionId_fk` FOREIGN KEY (`sectionId`) REFERENCES `craft_sections` (`id`) ON DELETE CASCADE;

--
-- Constraints for table `craft_fieldlayoutfields`
--
ALTER TABLE `craft_fieldlayoutfields`
	ADD CONSTRAINT `craft_fieldlayoutfields_fieldId_fk` FOREIGN KEY (`fieldId`) REFERENCES `craft_fields` (`id`) ON DELETE CASCADE,
	ADD CONSTRAINT `craft_fieldlayoutfields_layoutId_fk` FOREIGN KEY (`layoutId`) REFERENCES `craft_fieldlayouts` (`id`) ON DELETE CASCADE,
	ADD CONSTRAINT `craft_fieldlayoutfields_tabId_fk` FOREIGN KEY (`tabId`) REFERENCES `craft_fieldlayouttabs` (`id`) ON DELETE CASCADE;

--
-- Constraints for table `craft_fieldlayouttabs`
--
ALTER TABLE `craft_fieldlayouttabs`
	ADD CONSTRAINT `craft_fieldlayouttabs_layoutId_fk` FOREIGN KEY (`layoutId`) REFERENCES `craft_fieldlayouts` (`id`) ON DELETE CASCADE;

--
-- Constraints for table `craft_fields`
--
ALTER TABLE `craft_fields`
	ADD CONSTRAINT `craft_fields_groupId_fk` FOREIGN KEY (`groupId`) REFERENCES `craft_fieldgroups` (`id`) ON DELETE CASCADE;

--
-- Constraints for table `craft_globalsets`
--
ALTER TABLE `craft_globalsets`
	ADD CONSTRAINT `craft_globalsets_fieldLayoutId_fk` FOREIGN KEY (`fieldLayoutId`) REFERENCES `craft_fieldlayouts` (`id`) ON DELETE SET NULL,
	ADD CONSTRAINT `craft_globalsets_id_fk` FOREIGN KEY (`id`) REFERENCES `craft_elements` (`id`) ON DELETE CASCADE;

--
-- Constraints for table `craft_matrixblocks`
--
ALTER TABLE `craft_matrixblocks`
	ADD CONSTRAINT `craft_matrixblocks_fieldId_fk` FOREIGN KEY (`fieldId`) REFERENCES `craft_fields` (`id`) ON DELETE CASCADE,
	ADD CONSTRAINT `craft_matrixblocks_id_fk` FOREIGN KEY (`id`) REFERENCES `craft_elements` (`id`) ON DELETE CASCADE,
	ADD CONSTRAINT `craft_matrixblocks_ownerId_fk` FOREIGN KEY (`ownerId`) REFERENCES `craft_elements` (`id`) ON DELETE CASCADE,
	ADD CONSTRAINT `craft_matrixblocks_ownerLocale_fk` FOREIGN KEY (`ownerLocale`) REFERENCES `craft_locales` (`locale`) ON DELETE CASCADE ON UPDATE CASCADE,
	ADD CONSTRAINT `craft_matrixblocks_typeId_fk` FOREIGN KEY (`typeId`) REFERENCES `craft_matrixblocktypes` (`id`) ON DELETE CASCADE;

--
-- Constraints for table `craft_matrixblocktypes`
--
ALTER TABLE `craft_matrixblocktypes`
	ADD CONSTRAINT `craft_matrixblocktypes_fieldId_fk` FOREIGN KEY (`fieldId`) REFERENCES `craft_fields` (`id`) ON DELETE CASCADE,
	ADD CONSTRAINT `craft_matrixblocktypes_fieldLayoutId_fk` FOREIGN KEY (`fieldLayoutId`) REFERENCES `craft_fieldlayouts` (`id`) ON DELETE SET NULL;

--
-- Constraints for table `craft_matrixcontent_releases`
--
ALTER TABLE `craft_matrixcontent_releases`
	ADD CONSTRAINT `craft_matrixcontent_releases_elementId_fk` FOREIGN KEY (`elementId`) REFERENCES `craft_elements` (`id`) ON DELETE CASCADE,
	ADD CONSTRAINT `craft_matrixcontent_releases_locale_fk` FOREIGN KEY (`locale`) REFERENCES `craft_locales` (`locale`) ON DELETE CASCADE ON UPDATE CASCADE;

--
-- Constraints for table `craft_migrations`
--
ALTER TABLE `craft_migrations`
	ADD CONSTRAINT `craft_migrations_pluginId_fk` FOREIGN KEY (`pluginId`) REFERENCES `craft_plugins` (`id`) ON DELETE CASCADE;

--
-- Constraints for table `craft_relations`
--
ALTER TABLE `craft_relations`
	ADD CONSTRAINT `craft_relations_fieldId_fk` FOREIGN KEY (`fieldId`) REFERENCES `craft_fields` (`id`) ON DELETE CASCADE,
	ADD CONSTRAINT `craft_relations_sourceId_fk` FOREIGN KEY (`sourceId`) REFERENCES `craft_elements` (`id`) ON DELETE CASCADE,
	ADD CONSTRAINT `craft_relations_sourceLocale_fk` FOREIGN KEY (`sourceLocale`) REFERENCES `craft_locales` (`locale`) ON DELETE CASCADE ON UPDATE CASCADE,
	ADD CONSTRAINT `craft_relations_targetId_fk` FOREIGN KEY (`targetId`) REFERENCES `craft_elements` (`id`) ON DELETE CASCADE;

--
-- Constraints for table `craft_routes`
--
ALTER TABLE `craft_routes`
	ADD CONSTRAINT `craft_routes_locale_fk` FOREIGN KEY (`locale`) REFERENCES `craft_locales` (`locale`) ON DELETE CASCADE ON UPDATE CASCADE;

--
-- Constraints for table `craft_sections`
--
ALTER TABLE `craft_sections`
	ADD CONSTRAINT `craft_sections_structureId_fk` FOREIGN KEY (`structureId`) REFERENCES `craft_structures` (`id`) ON DELETE SET NULL;

--
-- Constraints for table `craft_sections_i18n`
--
ALTER TABLE `craft_sections_i18n`
	ADD CONSTRAINT `craft_sections_i18n_locale_fk` FOREIGN KEY (`locale`) REFERENCES `craft_locales` (`locale`) ON DELETE CASCADE ON UPDATE CASCADE,
	ADD CONSTRAINT `craft_sections_i18n_sectionId_fk` FOREIGN KEY (`sectionId`) REFERENCES `craft_sections` (`id`) ON DELETE CASCADE;

--
-- Constraints for table `craft_sessions`
--
ALTER TABLE `craft_sessions`
	ADD CONSTRAINT `craft_sessions_userId_fk` FOREIGN KEY (`userId`) REFERENCES `craft_users` (`id`) ON DELETE CASCADE;

--
-- Constraints for table `craft_shunnedmessages`
--
ALTER TABLE `craft_shunnedmessages`
	ADD CONSTRAINT `craft_shunnedmessages_userId_fk` FOREIGN KEY (`userId`) REFERENCES `craft_users` (`id`) ON DELETE CASCADE;

--
-- Constraints for table `craft_structureelements`
--
ALTER TABLE `craft_structureelements`
	ADD CONSTRAINT `craft_structureelements_elementId_fk` FOREIGN KEY (`elementId`) REFERENCES `craft_elements` (`id`) ON DELETE CASCADE,
	ADD CONSTRAINT `craft_structureelements_structureId_fk` FOREIGN KEY (`structureId`) REFERENCES `craft_structures` (`id`) ON DELETE CASCADE;

--
-- Constraints for table `craft_taggroups`
--
ALTER TABLE `craft_taggroups`
	ADD CONSTRAINT `craft_taggroups_fieldLayoutId_fk` FOREIGN KEY (`fieldLayoutId`) REFERENCES `craft_fieldlayouts` (`id`) ON DELETE SET NULL;

--
-- Constraints for table `craft_tags`
--
ALTER TABLE `craft_tags`
	ADD CONSTRAINT `craft_tags_groupId_fk` FOREIGN KEY (`groupId`) REFERENCES `craft_taggroups` (`id`) ON DELETE CASCADE,
	ADD CONSTRAINT `craft_tags_id_fk` FOREIGN KEY (`id`) REFERENCES `craft_elements` (`id`) ON DELETE CASCADE;

--
-- Constraints for table `craft_templatecachecriteria`
--
ALTER TABLE `craft_templatecachecriteria`
	ADD CONSTRAINT `craft_templatecachecriteria_cacheId_fk` FOREIGN KEY (`cacheId`) REFERENCES `craft_templatecaches` (`id`) ON DELETE CASCADE;

--
-- Constraints for table `craft_templatecacheelements`
--
ALTER TABLE `craft_templatecacheelements`
	ADD CONSTRAINT `craft_templatecacheelements_cacheId_fk` FOREIGN KEY (`cacheId`) REFERENCES `craft_templatecaches` (`id`) ON DELETE CASCADE,
	ADD CONSTRAINT `craft_templatecacheelements_elementId_fk` FOREIGN KEY (`elementId`) REFERENCES `craft_elements` (`id`) ON DELETE CASCADE;

--
-- Constraints for table `craft_templatecaches`
--
ALTER TABLE `craft_templatecaches`
	ADD CONSTRAINT `craft_templatecaches_locale_fk` FOREIGN KEY (`locale`) REFERENCES `craft_locales` (`locale`) ON DELETE CASCADE ON UPDATE CASCADE;

--
-- Constraints for table `craft_usergroups_users`
--
ALTER TABLE `craft_usergroups_users`
	ADD CONSTRAINT `craft_usergroups_users_groupId_fk` FOREIGN KEY (`groupId`) REFERENCES `craft_usergroups` (`id`) ON DELETE CASCADE,
	ADD CONSTRAINT `craft_usergroups_users_userId_fk` FOREIGN KEY (`userId`) REFERENCES `craft_users` (`id`) ON DELETE CASCADE;

--
-- Constraints for table `craft_userpermissions_usergroups`
--
ALTER TABLE `craft_userpermissions_usergroups`
	ADD CONSTRAINT `craft_userpermissions_usergroups_groupId_fk` FOREIGN KEY (`groupId`) REFERENCES `craft_usergroups` (`id`) ON DELETE CASCADE,
	ADD CONSTRAINT `craft_userpermissions_usergroups_permissionId_fk` FOREIGN KEY (`permissionId`) REFERENCES `craft_userpermissions` (`id`) ON DELETE CASCADE;

--
-- Constraints for table `craft_userpermissions_users`
--
ALTER TABLE `craft_userpermissions_users`
	ADD CONSTRAINT `craft_userpermissions_users_permissionId_fk` FOREIGN KEY (`permissionId`) REFERENCES `craft_userpermissions` (`id`) ON DELETE CASCADE,
	ADD CONSTRAINT `craft_userpermissions_users_userId_fk` FOREIGN KEY (`userId`) REFERENCES `craft_users` (`id`) ON DELETE CASCADE;

--
-- Constraints for table `craft_users`
--
ALTER TABLE `craft_users`
	ADD CONSTRAINT `craft_users_id_fk` FOREIGN KEY (`id`) REFERENCES `craft_elements` (`id`) ON DELETE CASCADE,
	ADD CONSTRAINT `craft_users_preferredLocale_fk` FOREIGN KEY (`preferredLocale`) REFERENCES `craft_locales` (`locale`) ON DELETE SET NULL ON UPDATE CASCADE;

--
-- Constraints for table `craft_widgets`
--
ALTER TABLE `craft_widgets`
	ADD CONSTRAINT `craft_widgets_userId_fk` FOREIGN KEY (`userId`) REFERENCES `craft_users` (`id`) ON DELETE CASCADE;

SET FOREIGN_KEY_CHECKS = 1;
